"","Tm","Player","College","Yrs","G","MP","PTS","TRB","AST","FG.","X3P.","FT.","MPG","PPG","RPG","APG","WS","WS.48","BPM","VORP","Yr","allstar"
"1","LAL","De'Andre Hunter","Virginia",1,63,2018,778,286,112,0.41,0.355,0.764,32,12.3,4.5,1.8,0.1,0.001,-4.8,-1.4,2019,0
"2","CLE","Darius Garland","Vanderbilt",1,59,1824,728,111,229,0.401,0.355,0.875,30.9,12.3,1.9,3.9,-1.3,-0.035,-5.7,-1.7,2019,0
"3","MEM","Ja Morant","Murray State",1,59,1771,1041,208,409,0.491,0.367,0.77,30,17.6,3.5,6.9,3.4,0.093,0.2,1,2019,0
"4","CHO","PJ Washington","Kentucky",1,58,1759,710,316,123,0.455,0.374,0.647,30.3,12.2,5.4,2.1,2,0.054,-1.7,0.1,2019,0
"5","NYK","RJ Barrett","Duke",1,56,1704,803,279,143,0.402,0.32,0.614,30.4,14.3,5,2.6,-0.5,-0.015,-4.3,-1,2019,0
"6","CHI","Coby White","UNC",1,65,1674,859,230,175,0.394,0.354,0.791,25.8,13.2,3.5,2.7,0.9,0.026,-2.7,-0.3,2019,0
"7","GSW","Eric Paschall","Villanova",1,60,1654,837,275,127,0.497,0.287,0.774,27.6,14,4.6,2.1,2.1,0.062,-2.8,-0.3,2019,0
"8","ATL","Cam Reddish","Duke",1,58,1551,610,216,87,0.384,0.332,0.802,26.7,10.5,3.7,1.5,-0.4,-0.011,-4.1,-0.8,2019,0
"9","PHO","Jarrett Culver","Texas Tech",1,63,1506,580,212,110,0.404,0.299,0.462,23.9,9.2,3.4,1.7,-0.1,-0.004,-4,-0.7,2019,0
"10","MIA","Tyler Herro","Kentucky",1,47,1280,605,187,91,0.414,0.391,0.835,27.2,12.9,4,1.9,0.9,0.033,-2.3,-0.1,2019,0
"11","GSW","Jordan Poole","Michigan",1,57,1274,503,118,134,0.333,0.279,0.798,22.4,8.8,2.1,2.4,-1.2,-0.047,-6.6,-1.5,2019,0
"12","WAS","Rui Hachimura","Gonzaga",1,41,1217,548,248,70,0.478,0.274,0.829,29.7,13.4,6,1.7,1.7,0.066,-3.1,-0.3,2019,0
"13","MIL","Kevin Porter","USC",1,50,1162,498,162,109,0.442,0.335,0.723,23.2,10,3.2,2.2,0.3,0.011,-3.8,-0.6,2019,0
"14","BOS","Matisse Thybulle","Washington",1,57,1110,267,86,70,0.41,0.352,0.61,19.5,4.7,1.5,1.2,1.9,0.084,0.1,0.6,2019,0
"15","OKC","Brandon Clarke","Gonzaga",1,50,1086,602,292,72,0.623,0.404,0.785,21.7,12,5.8,1.4,4.4,0.192,3.4,1.5,2019,0
"16","MIN","Cameron Johnson","UNC",1,49,996,398,140,52,0.418,0.397,0.761,20.3,8.1,2.9,1.1,1.8,0.086,-0.2,0.5,2019,0
"17","BOS","Grant Williams","Tennessee",1,62,970,218,165,62,0.417,0.247,0.725,15.6,3.5,2.7,1,1.5,0.075,-2.7,-0.2,2019,0
"18","ATL","Jaxson Hayes","Texas",1,56,951,420,223,51,0.66,0.25,0.63,17,7.5,4,0.9,3.5,0.176,0.1,0.5,2019,0
"19","UTA","Darius Bazley","",1,53,909,238,196,29,0.383,0.3,0.681,17.2,4.5,3.7,0.5,0.4,0.019,-2.4,-0.1,2019,0
"20","CHO","Cody Martin","Nevada",1,48,903,238,158,95,0.43,0.234,0.646,18.8,5,3.3,2,1,0.052,-2.1,0,2019,0
"21","DET","Sekou Doumbouya","",1,38,754,243,118,19,0.39,0.286,0.674,19.8,6.4,3.1,0.5,-0.3,-0.02,-6.7,-0.9,2019,0
"22","PHI","Bruno Fernando","Maryland",1,56,713,240,198,49,0.518,0.135,0.569,12.7,4.3,3.5,0.9,0.8,0.055,-4.2,-0.4,2019,0
"23","POR","Nassir Little","UNC",1,48,573,172,108,22,0.43,0.237,0.636,11.9,3.6,2.3,0.5,0.6,0.05,-3.6,-0.2,2019,0
"24","NOP","Zion Williamson","Duke",1,19,565,448,129,41,0.589,0.462,0.645,29.7,23.6,6.8,2.2,1.8,0.149,2.4,0.6,2019,0
"25","BRK","Nickeil Alexander-Walker","Virginia Tech",1,41,501,211,80,74,0.339,0.342,0.607,12.2,5.1,2,1.8,-0.4,-0.034,-4.9,-0.4,2019,0
"26","IND","Goga Bitadze","",1,49,410,152,96,21,0.473,0.167,0.727,8.4,3.1,2,0.4,0.6,0.069,-2.5,-0.1,2019,0
"27","PHI","Carsen Edwards","Purdue",1,35,316,106,43,22,0.327,0.309,0.846,9,3,1.2,0.6,0.1,0.012,-5,-0.2,2019,0
"28","PHI","Ty Jerome","Virginia",1,28,315,98,41,43,0.349,0.277,0.786,11.3,3.5,1.5,1.5,0,-0.002,-3.9,-0.1,2019,0
"29","BOS","Romeo Langford","Indiana",1,27,298,69,32,6,0.375,0.217,0.696,11,2.6,1.2,0.2,0.2,0.039,-4.7,-0.2,2019,0
"30","CHO","Jalen McDaniels","San Diego State",1,16,293,89,65,13,0.471,0.375,0.824,18.3,5.6,4.1,0.8,0.5,0.078,-3.6,-0.1,2019,0
"31","CLE","Collin Sexton","Alabama",2,147,4748,2720,440,435,0.45,0.392,0.843,32.3,18.5,3,3,1.9,0.02,-3.4,-1.7,2018,0
"32","DAL","Trae Young","Oklahoma",2,141,4623,3327,556,1213,0.428,0.344,0.847,32.8,23.6,3.9,8.6,9.2,0.095,1.5,4,2018,1
"33","CHO","Shai Gilgeous-Alexander","Kentucky",2,145,4388,2105,616,478,0.474,0.357,0.801,30.3,14.5,4.2,3.3,8.9,0.097,0.6,2.9,2018,0
"34","PHI","Mikal Bridges","Villanova",2,147,4189,1249,523,288,0.466,0.341,0.825,28.5,8.5,3.6,2,7,0.08,-0.5,1.6,2018,0
"35","ATL","Luka Doncic","",2,126,4117,3075,1065,899,0.443,0.322,0.733,32.7,24.4,8.5,7.1,13,0.151,5.9,8.2,2018,1
"36","ATL","Kevin Huerter","Maryland",2,131,3808,1411,473,427,0.416,0.383,0.783,29.1,10.8,3.6,3.3,3,0.038,-1.9,0.1,2018,0
"37","LAC","Miles Bridges","Michigan State",2,145,3691,1440,685,209,0.44,0.328,0.788,25.5,9.9,4.7,1.4,4.5,0.059,-1.8,0.2,2018,0
"38","NYK","Kevin Knox","Kentucky",2,140,3324,1382,519,143,0.367,0.337,0.697,23.7,9.9,3.7,1,-1.2,-0.017,-5.2,-2.7,2018,0
"39","MIN","Josh Okogie","Georgia Tech",2,136,3304,1103,486,190,0.404,0.274,0.765,24.3,8.1,3.6,1.4,3.4,0.049,-2.7,-0.6,2018,0
"40","PHO","Deandre Ayton","Arizona",2,101,3179,1729,1089,182,0.572,0,0.753,31.5,17.1,10.8,1.8,8.3,0.125,0.3,1.9,2018,0
"41","PHI","Landry Shamet","Wichita State",2,126,3096,1176,224,204,0.425,0.41,0.846,24.6,9.3,1.8,1.6,6.3,0.097,-1.7,0.3,2018,0
"42","DET","Bruce Brown","Miami (FL)",2,132,3083,836,459,321,0.424,0.302,0.743,23.4,6.3,3.5,2.4,3.6,0.056,-2.2,-0.2,2018,0
"43","MEM","Jaren Jackson","Michigan State",2,112,3027,1712,526,140,0.485,0.386,0.755,27,15.3,4.7,1.3,6.5,0.102,-0.1,1.5,2018,0
"44","ATL","Devonte' Graham","Kansas",2,109,2887,1362,275,592,0.375,0.357,0.81,26.5,12.5,2.5,5.4,3.9,0.064,-0.6,1,2018,0
"45","DAL","Jalen Brunson","Villanova",2,130,2613,1144,303,418,0.467,0.352,0.759,20.1,8.8,2.3,3.2,4.9,0.089,-1.3,0.4,2018,0
"46","CHI","Wendell Carter","Duke",2,87,2366,939,712,129,0.508,0.197,0.761,27.2,10.8,8.2,1.5,5.2,0.105,-2,0,2018,0
"47","WAS","Troy Brown","Oregon",2,113,2249,842,470,222,0.441,0.336,0.733,19.9,7.5,4.2,2,2.8,0.059,-1.8,0.1,2018,0
"48","IND","Aaron Holiday","UCLA",2,108,2014,840,199,280,0.405,0.373,0.844,18.6,7.8,1.8,2.6,2.6,0.062,-1.8,0.1,2018,0
"49","HOU","De'Anthony Melton","USC",2,102,1995,670,327,316,0.407,0.311,0.806,19.6,6.6,3.2,3.1,1.8,0.044,-1.3,0.3,2018,0
"50","SAC","Marvin Bagley","Duke",2,75,1901,1108,568,72,0.497,0.288,0.703,25.3,14.8,7.6,1,4,0.1,-1.4,0.3,2018,0
"51","BRK","Rodions Kurucs","",2,102,1795,696,343,85,0.449,0.333,0.742,17.6,6.8,3.4,0.8,2.1,0.056,-2.7,-0.3,2018,0
"52","MIL","Donte DiVincenzo","Villanova",2,86,1773,685,354,167,0.45,0.322,0.767,20.6,8,4.1,1.9,5.1,0.137,1.1,1.4,2018,0
"53","LAL","Sviatoslav Mykhailiuk","Kansas",2,98,1705,637,140,143,0.389,0.385,0.767,17.4,6.5,1.4,1.5,1.5,0.042,-2.6,-0.3,2018,0
"54","ATL","Omari Spellman","Villanova",2,95,1691,642,413,94,0.417,0.366,0.766,17.8,6.8,4.3,1,2.4,0.068,-1.5,0.2,2018,0
"55","PHO","Élie Okobo","",2,107,1665,519,186,240,0.395,0.315,0.728,15.6,4.9,1.7,2.2,0.3,0.01,-4.2,-0.9,2018,0
"56","ORL","Mohamed Bamba","Texas",2,107,1634,624,532,81,0.474,0.333,0.624,15.3,5.8,5,0.8,4.2,0.124,-0.4,0.7,2018,0
"57","POR","Anfernee Simons","",2,85,1541,647,160,108,0.406,0.339,0.787,18.1,7.6,1.9,1.3,0.4,0.011,-4.4,-1,2018,0
"58","CHI","Chandler Hutchison","Boise State",2,72,1422,447,293,60,0.458,0.295,0.595,19.8,6.2,4.1,0.8,1.2,0.041,-3.4,-0.5,2018,0
"59","MEM","Jevon Carter","West Virginia",2,89,1331,403,164,134,0.354,0.365,0.825,15,4.5,1.8,1.5,1,0.037,-2.2,-0.1,2018,0
"60","BRK","Hamidou Diallo","Kentucky",2,89,1225,423,219,39,0.453,0.186,0.615,13.8,4.8,2.5,0.4,1,0.038,-4.5,-0.8,2018,0
"61","DEN","Donovan Mitchell","Louisville",3,219,7401,4970,888,877,0.44,0.355,0.821,33.8,22.7,4.1,4,15.4,0.1,1.4,6.5,2017,1
"62","BOS","Jayson Tatum","Duke",3,218,6936,3745,1297,470,0.456,0.399,0.827,31.8,17.2,5.9,2.2,18.3,0.127,1.5,6.1,2017,1
"63","BRK","Kyle Kuzma","Utah",3,201,6042,3224,1107,388,0.449,0.327,0.733,30.1,16,5.5,1.9,8.4,0.067,-1.6,0.6,2017,0
"64","SAC","De'Aaron Fox","Kentucky",3,199,5998,3163,689,1214,0.448,0.335,0.718,30.1,15.9,3.5,6.1,8.5,0.068,-0.4,2.5,2017,0
"65","MIA","Bam Adebayo","Kentucky",3,216,5516,2259,1661,618,0.558,0.114,0.711,25.5,10.5,7.7,2.9,19.2,0.167,2,5.6,2017,1
"66","MIN","Lauri Markkanen","Arizona",3,170,5194,2744,1291,228,0.43,0.356,0.848,30.6,16.1,7.6,1.3,8.7,0.08,-0.3,2.2,2017,0
"67","BRK","Jarrett Allen","Texas",3,216,5184,2141,1665,244,0.607,0.169,0.692,24,9.9,7.7,1.1,19,0.176,1.1,4.1,2017,0
"68","LAL","Lonzo Ball","UCLA",3,155,5020,1688,959,1023,0.393,0.343,0.484,32.4,10.9,6.2,6.6,6.1,0.058,0.6,3.3,2017,0
"69","ATL","John Collins","Wake Forest",3,176,4977,2850,1552,279,0.571,0.369,0.757,28.3,16.2,8.8,1.6,16.4,0.158,1.1,3.9,2017,0
"70","UTA","Josh Hart","Villanova",3,187,4739,1600,881,267,0.428,0.353,0.713,25.3,8.6,4.7,1.4,8.2,0.083,-0.7,1.6,2017,0
"71","TOR","OG Anunoby","Indiana",3,204,4730,1582,722,201,0.48,0.362,0.638,23.2,7.8,3.5,1,10.1,0.103,-0.5,1.9,2017,0
"72","HOU","Dillon Brooks","Oregon",3,165,4531,2053,501,279,0.418,0.364,0.775,27.5,12.4,3,1.7,2.1,0.023,-4.3,-2.7,2017,0
"73","PHO","Josh Jackson","Kansas",3,174,4304,2110,756,333,0.417,0.298,0.651,24.7,12.1,4.3,1.9,-1.9,-0.021,-4,-2.2,2017,0
"74","DAL","Dennis Smith","NC State",3,156,4094,1957,493,708,0.4,0.314,0.647,26.2,12.5,3.2,4.5,-1.6,-0.018,-2.7,-0.8,2017,0
"75","POR","Justin Jackson","UNC",3,207,4049,1365,541,219,0.433,0.325,0.78,19.6,6.6,2.6,1.1,5.1,0.061,-2.6,-0.6,2017,0
"76","OKC","Terrance Ferguson","",3,185,3864,911,261,136,0.412,0.34,0.763,20.9,4.9,1.4,0.7,4.7,0.058,-3.8,-1.8,2017,0
"77","DET","Luke Kennard","Duke",3,164,3822,1613,457,353,0.441,0.402,0.863,23.3,9.8,2.8,2.2,7,0.088,-0.8,1.2,2017,0
"78","NYK","Frank Ntilikina","",3,178,3797,1066,385,543,0.366,0.311,0.783,21.3,6,2.2,3.1,-0.9,-0.011,-4.6,-2.5,2017,0
"79","ORL","Jonathan Isaac","Florida State",3,134,3481,1249,732,142,0.432,0.328,0.794,26,9.3,5.5,1.1,6.5,0.089,0.1,1.8,2017,0
"80","DEN","Monte Morris","Iowa State",3,150,3397,1410,308,534,0.48,0.398,0.814,22.6,9.4,2.1,3.6,9.8,0.138,1,2.6,2017,0
"81","SAS","Derrick White","Colorado",3,145,3335,1350,466,478,0.47,0.359,0.814,23,9.3,3.2,3.3,7.5,0.108,0.9,2.5,2017,0
"82","NYK","Damyean Dotson","Oregon",3,165,3314,1282,437,223,0.419,0.361,0.721,20.1,7.8,2.6,1.4,3,0.044,-2.3,-0.2,2017,0
"83","CHO","Malik Monk","Kentucky",3,191,3281,1638,360,322,0.395,0.322,0.85,17.2,8.6,1.9,1.7,1,0.015,-2.9,-0.8,2017,0
"84","ORL","Wesley Iwundu","Kansas State",3,175,3063,805,434,176,0.413,0.307,0.796,17.5,4.6,2.5,1,3.9,0.061,-3.5,-1.2,2017,0
"85","BOS","Semi Ojeleye","SMU",3,190,2635,572,371,74,0.39,0.333,0.685,13.9,3,2,0.4,3.6,0.065,-3.5,-1,2017,0
"86","PHI","Markelle Fultz","Washington",3,97,2493,1027,326,446,0.456,0.256,0.668,25.7,10.6,3.4,4.6,3.2,0.062,-2,0,2017,0
"87","SAC","Zach Collins","Gonzaga",3,146,2487,831,557,129,0.442,0.324,0.73,17,5.7,3.8,0.9,3.7,0.071,-2.5,-0.3,2017,0
"88","PHI","Sterling Brown","SMU",3,157,2475,812,492,155,0.418,0.344,0.762,15.8,5.2,3.1,1,3.8,0.074,-2.1,-0.1,2017,0
"89","UTA","Thomas Bryant","Indiana",3,125,2469,1240,731,169,0.604,0.344,0.755,19.8,9.9,5.8,1.4,8.5,0.165,1.5,2.1,2017,0
"90","NOP","Dwayne Bacon","Florida State",3,135,2159,715,313,137,0.403,0.345,0.718,16,5.3,2.3,1,0.3,0.007,-5.1,-1.7,2017,0
"91","DEN","Jamal Murray","Kentucky",4,293,8580,4563,1045,1073,0.439,0.358,0.882,29.3,15.6,3.6,3.7,16.1,0.09,-0.1,4.2,2016,0
"92","NOP","Buddy Hield","Oklahoma",4,308,8572,4908,1294,678,0.442,0.411,0.869,27.8,15.9,4.2,2.2,13.1,0.074,0.8,6,2016,0
"93","LAL","Brandon Ingram","Duke",4,246,7933,3997,1247,791,0.46,0.357,0.72,32.2,16.2,5.1,3.2,9.4,0.057,-1.4,1.2,2016,1
"94","ORL","Domantas Sabonis","Gonzaga",4,291,7439,3530,2321,755,0.522,0.321,0.722,25.6,12.1,8,2.6,20.6,0.133,0.4,4.6,2016,1
"95","PHI","Ben Simmons","LSU",3,214,7362,3518,1779,1713,0.561,0.087,0.594,34.4,16.4,8.3,8,24.4,0.159,4,11.1,2016,2
"96","BOS","Jaylen Brown","California",4,272,7108,3518,1197,387,0.47,0.37,0.68,26.1,12.9,4.4,1.4,13.5,0.091,-1.2,1.5,2016,0
"97","TOR","Pascal Siakam","New Mexico State",4,269,6968,3425,1497,615,0.504,0.333,0.766,25.9,12.7,5.6,2.3,20.7,0.143,1.5,6.1,2016,1
"98","UTA","Taurean Waller-Prince","Baylor",4,260,6854,3008,1126,503,0.412,0.366,0.818,26.4,11.6,4.3,1.9,5.3,0.037,-1.9,0.1,2016,0
"99","MIL","Malcolm Brogdon","Virginia",4,235,6722,3177,883,1017,0.472,0.385,0.895,28.6,13.5,3.8,4.3,16.8,0.12,0.6,4.4,2016,0
"100","MIN","Kris Dunn","Providence",4,227,5516,1884,760,948,0.422,0.306,0.726,24.3,8.3,3.3,4.2,3.9,0.034,-1.8,0.2,2016,0
"101","IND","Caris LeVert","Michigan",4,207,5295,2565,758,724,0.43,0.342,0.711,25.6,12.4,3.7,3.5,6.9,0.063,-0.6,1.8,2016,0
"102","SAC","Marquese Chriss","Washington",4,256,4965,2039,1250,279,0.456,0.29,0.669,19.4,8,4.9,1.1,5.7,0.055,-2.3,-0.4,2016,0
"103","TOR","Jakob Pöltl","Utah",4,271,4388,1461,1278,264,0.638,0.5,0.543,16.2,5.4,4.7,1,15.6,0.171,1,3.3,2016,0
"104","DEN","Malik Beasley","Florida State",4,220,3836,1811,436,214,0.448,0.388,0.8,17.4,8.2,2,1,6.4,0.08,-1.2,0.8,2016,0
"105","PHO","Dragan Bender","",4,187,3755,1014,720,237,0.399,0.323,0.654,20.1,5.4,3.9,1.3,0.5,0.006,-3.9,-1.8,2016,0
"106","ATL","DeAndre' Bembry","Saint Joseph's",4,189,3672,1173,641,360,0.448,0.269,0.592,19.4,6.2,3.4,1.9,1,0.013,-2.8,-0.8,2016,0
"107","CHI","Denzel Valentine","Michigan State",3,170,3559,1320,618,350,0.401,0.366,0.753,20.9,7.8,3.6,2.1,3.6,0.048,-1.6,0.4,2016,0
"108","MIL","Thon Maker","",4,255,3548,1186,708,157,0.433,0.329,0.673,13.9,4.7,2.8,0.6,6.3,0.086,-2.2,-0.2,2016,0
"109","SAS","Dejounte Murray","Washington",3,177,3512,1403,836,516,0.456,0.354,0.739,19.8,7.9,4.7,2.9,5.8,0.079,0.2,2,2016,0
"110","MIL","Patrick McCaw","UNLV",4,194,3340,755,316,266,0.419,0.305,0.779,17.2,3.9,1.6,1.4,4.2,0.061,-2.8,-0.7,2016,0
"111","PHI","Timothé Luwawu-Cabarrot","",4,210,3337,1222,409,180,0.39,0.327,0.824,15.9,5.8,1.9,0.9,2.8,0.04,-4.3,-2,2016,0
"112","DEN","Juan Hernangómez","",4,205,3310,1083,703,136,0.428,0.359,0.722,16.1,5.3,3.4,0.7,6.1,0.089,-1.6,0.4,2016,0
"113","LAL","Ivica Zubac","",4,204,3215,1481,1105,187,0.559,0,0.76,15.8,7.3,5.4,0.9,10.9,0.162,0.1,1.7,2016,0
"114","PHO","Tyler Ulis","Kentucky",3,133,2782,998,223,537,0.403,0.28,0.808,20.9,7.5,1.7,4,0.5,0.008,-3.6,-1.1,2016,0
"115","PHO","Skal Labissière","Kentucky",4,148,2595,1069,662,152,0.492,0.353,0.748,17.5,7.2,4.5,1,4.4,0.082,-2.3,-0.2,2016,0
"116","ORL","Jake Layman","Maryland",4,164,2241,863,314,90,0.456,0.309,0.724,13.7,5.3,1.9,0.5,3,0.065,-2.1,0,2016,0
"117","PHI","Furkan Korkmaz","",3,126,2157,925,266,126,0.417,0.372,0.758,17.1,7.3,2.1,1,3.4,0.076,-1.8,0.1,2016,0
"118","LAC","Cheick Diallo","Kansas",4,177,2143,939,743,78,0.598,0.333,0.77,12.1,5.3,4.2,0.4,6.2,0.139,-1.4,0.3,2016,0
"119","BOS","Abdel Nader","Iowa State",3,157,1972,674,277,81,0.413,0.348,0.715,12.6,4.3,1.8,0.5,1.9,0.046,-2.9,-0.4,2016,0
"120","UTA","Isaiah Whitehead","Seton Hall",2,89,1823,643,210,212,0.411,0.305,0.788,20.5,7.2,2.4,2.4,-0.9,-0.025,-5,-1.4,2016,0
"121","MIN","Karl-Anthony Towns","Kentucky",5,358,12307,8113,4209,992,0.534,0.396,0.831,34.4,22.7,11.8,2.8,50.4,0.197,4.8,21.2,2015,2
"122","PHO","Devin Booker","Kentucky",5,334,11186,7439,1203,1562,0.447,0.355,0.868,33.5,22.3,3.6,4.7,15.9,0.068,-0.3,4.8,2015,0
"123","IND","Myles Turner","Texas",5,335,9491,4255,2229,410,0.488,0.354,0.768,28.3,12.7,6.7,1.2,25.9,0.131,0.6,6.2,2015,0
"124","MIA","Josh Richardson","Tennessee",5,307,9423,3797,985,890,0.426,0.362,0.814,30.7,12.4,3.2,2.9,17.6,0.09,-0.3,4.2,2015,0
"125","LAL","D'Angelo Russell","Ohio State",5,317,9204,5532,1176,1666,0.42,0.356,0.772,29,17.5,3.7,5.3,8.4,0.044,0.3,5.4,2015,1
"126","ATL","Kelly Oubre","Kansas",5,348,8375,3783,1443,327,0.431,0.329,0.778,24.1,10.9,4.1,0.9,12,0.069,-1.9,0.2,2015,0
"127","SAC","Willie Cauley-Stein","Kentucky",5,349,8187,3361,2194,553,0.539,0.211,0.611,23.5,9.6,6.3,1.6,20.3,0.119,0.1,4.3,2015,0
"128","BOS","Terry Rozier","Louisville",5,335,7597,3224,1249,890,0.394,0.371,0.813,22.7,9.6,3.7,2.7,12.9,0.082,-0.1,3.6,2015,0
"129","LAL","Larry Nance","Wyoming",5,315,7396,2562,2094,559,0.537,0.324,0.695,23.5,8.1,6.6,1.8,20.3,0.132,1.2,6.1,2015,0
"130","NYK","Kristaps Porzingis","",4,237,7361,4293,1800,337,0.433,0.357,0.798,31.1,18.1,7.6,1.4,16.4,0.107,1,5.6,2015,1
"131","DEN","Emmanuel Mudiay","",5,294,7078,3252,873,1130,0.401,0.323,0.743,24.1,11.1,3,3.8,-0.1,-0.001,-3.1,-2.1,2015,0
"132","CHO","Frank Kaminsky","Wisconsin",5,314,6970,3110,1280,523,0.423,0.349,0.749,22.2,9.9,4.1,1.7,12.4,0.085,-0.6,2.5,2015,0
"133","MIA","Justise Winslow","Duke",5,241,6848,2181,1295,657,0.417,0.337,0.646,28.4,9,5.4,2.7,7.7,0.054,-1.8,0.3,2015,0
"134","HOU","Montrezl Harrell","Louisville",5,318,6643,4037,1570,424,0.614,0.1,0.638,20.9,12.7,4.9,1.3,26.2,0.19,2.6,7.7,2015,0
"135","POR","Rondae Hollis-Jefferson","Arizona",5,286,6528,2690,1629,550,0.448,0.214,0.738,22.8,9.4,5.7,1.9,12.3,0.09,-0.6,2.2,2015,0
"136","CHI","Bobby Portis","Arkansas",5,315,6437,3215,1872,380,0.456,0.36,0.754,20.4,10.2,5.9,1.2,10.8,0.081,-1.3,1.1,2015,0
"137","UTA","Trey Lyles","Kentucky",5,351,6322,2602,1488,375,0.433,0.341,0.708,18,7.4,4.2,1.1,10.3,0.078,-1.2,1.3,2015,0
"138","DET","Stanley Johnson","Arizona",5,305,6256,2008,986,431,0.372,0.291,0.765,20.5,6.6,3.2,1.4,3.2,0.025,-2.9,-1.5,2015,0
"139","ORL","Mario Hezonja","",5,324,6003,2253,1004,407,0.418,0.321,0.813,18.5,7,3.1,1.3,3.1,0.025,-2.8,-1.2,2015,0
"140","CLE","Tyus Jones","Duke",5,312,5606,1733,483,1108,0.431,0.345,0.803,18,5.6,1.5,3.6,11.4,0.097,-0.1,2.7,2015,0
"141","MIL","Norman Powell","UCLA",5,299,5550,2531,699,387,0.457,0.359,0.816,18.6,8.5,2.3,1.3,11.5,0.099,-0.3,2.4,2015,0
"142","TOR","Delon Wright","Utah",5,263,5219,1935,808,756,0.451,0.345,0.794,19.8,7.4,3.1,2.9,14.8,0.137,2.2,5.5,2015,0
"143","MIN","Cedi Osman","",3,202,5026,1947,708,390,0.437,0.364,0.717,24.9,9.6,3.5,1.9,3.9,0.038,-3,-1.2,2015,0
"144","PHI","Richaun Holmes","Bowling Green",5,265,4950,2229,1313,251,0.584,0.257,0.724,18.7,8.4,5,0.9,17,0.165,0.7,3.3,2015,0
"145","WAS","Jerian Grant","Notre Dame",4,273,4918,1665,524,796,0.412,0.324,0.771,18,6.1,1.9,2.9,8.3,0.081,-1.5,0.6,2015,0
"146","PHI","Jahlil Okafor","Duke",5,218,4437,2392,1095,211,0.536,0.235,0.674,20.4,11,5,1,6.4,0.069,-2,0,2015,0
"147","BRK","Pat Connaughton","Notre Dame",5,277,4327,1305,762,346,0.443,0.343,0.784,15.6,4.7,2.8,1.2,9.8,0.109,-0.5,1.7,2015,0
"148","GSW","Kevon Looney","UCLA",5,224,3121,979,832,214,0.57,0.15,0.601,13.9,4.4,3.7,1,10.3,0.158,-0.5,1.1,2015,0
"149","HOU","Sam Dekker","Wisconsin",4,200,3096,1094,607,160,0.478,0.288,0.606,15.5,5.5,3,0.8,5.4,0.083,-1.4,0.5,2015,0
"150","PHI","Willy Hernangómez","",4,209,3006,1444,1130,218,0.531,0.33,0.687,14.4,6.9,5.4,1,8.6,0.137,0.1,1.6,2015,0
"151","CLE","Andrew Wiggins","Kansas",6,454,16242,8943,1977,1065,0.441,0.332,0.732,35.8,19.7,4.4,2.3,15,0.044,-1.9,0.2,2014,0
"152","WAS","Jordan Clarkson","Missouri",6,445,12054,6573,1404,1152,0.447,0.341,0.818,27.1,14.8,3.2,2.6,14,0.056,-0.7,3.9,2014,0
"153","ORL","Aaron Gordon","Arizona",6,399,11414,5082,2553,951,0.447,0.318,0.701,28.6,12.7,6.4,2.4,21.4,0.09,-0.1,5.5,2014,0
"154","BOS","Marcus Smart","Oklahoma State",6,394,11409,3888,1409,1594,0.374,0.318,0.774,29,9.9,3.6,4,20.3,0.086,-0.3,4.9,2014,0
"155","PHI","Elfrid Payton","LA-Lafayette",6,387,11350,4247,1703,2566,0.452,0.289,0.625,29.3,11,4.4,6.6,14.9,0.063,-0.5,4.3,2014,0
"156","LAL","Julius Randle","Kentucky",6,375,10934,6032,3375,1045,0.493,0.295,0.724,29.2,16.1,9,2.8,20.5,0.09,-0.5,4.1,2014,0
"157","PHI","Jerami Grant","Syracuse",6,447,10909,4111,1727,475,0.463,0.348,0.666,24.4,9.2,3.9,1.1,22.3,0.098,-0.9,3.1,2014,0
"158","MIN","Zach LaVine","UCLA",6,353,10857,6240,1279,1275,0.447,0.375,0.819,30.8,17.7,3.6,3.6,12,0.053,-0.6,3.8,2014,0
"159","DEN","Nikola Jokic","",5,373,10819,6319,3609,2032,0.524,0.338,0.825,29,16.9,9.7,5.4,48,0.213,7.2,25,2014,2
"160","CHI","Gary Harris","Michigan State",6,368,10663,4459,961,779,0.454,0.36,0.803,29,12.1,2.6,2.1,18.1,0.082,-0.9,3,2014,0
"161","UTA","Rodney Hood","Duke",6,341,9326,4247,980,645,0.426,0.372,0.839,27.3,12.5,2.9,1.9,17.1,0.088,-0.5,3.4,2014,0
"162","PHO","T.J. Warren","NC State",6,322,9218,4894,1320,380,0.504,0.35,0.777,28.6,15.2,4.1,1.2,18.3,0.095,-0.4,3.6,2014,0
"163","HOU","Clint Capela","",6,334,8674,4075,3243,324,0.634,0,0.526,26,12.2,9.7,1,36.4,0.201,1.9,8.6,2014,0
"164","MIL","Jabari Parker","Duke",6,280,8193,4208,1614,585,0.492,0.324,0.739,29.3,15,5.8,2.1,12.8,0.075,-0.9,2.3,2014,0
"165","DET","Spencer Dinwiddie","Colorado",6,317,8162,4103,875,1578,0.41,0.318,0.793,25.7,12.9,2.8,5,18.6,0.109,0.4,4.8,2014,0
"166","DEN","Doug McDermott","Creighton",6,403,8040,3302,882,339,0.465,0.413,0.825,20,8.2,2.2,0.8,13.6,0.081,-2.1,-0.1,2014,0
"167","ORL","Dario Šaric","",4,298,7903,3625,1835,620,0.437,0.356,0.835,26.5,12.2,6.2,2.1,13.9,0.084,-0.8,2.4,2014,0
"168","CLE","Joe Harris","Virginia",6,325,7860,3332,1014,521,0.474,0.423,0.786,24.2,10.3,3.1,1.6,14.2,0.087,-0.8,2.3,2014,0
"169","CHI","Jusuf Nurkic","",5,310,7103,3608,2480,589,0.491,0.071,0.666,22.9,11.6,8,1.9,16.4,0.111,0.2,3.9,2014,0
"170","SAS","Kyle Anderson","UCLA",6,359,7022,1936,1428,704,0.492,0.307,0.698,19.6,5.4,4,2,17.6,0.12,1.4,6.1,2014,0
"171","CHH","Dwight Powell","Stanford",6,371,6956,2867,1711,364,0.563,0.293,0.739,18.7,7.7,4.6,1,26.1,0.18,1.5,6.1,2014,0
"172","SAC","Nik Stauskas","Michigan",5,335,6662,2272,688,513,0.389,0.353,0.814,19.9,6.8,2.1,1.5,3.8,0.028,-3,-1.7,2014,0
"173","PHI","Joel Embiid","Kansas",4,202,6181,4864,2324,636,0.479,0.322,0.794,30.6,24.1,11.5,3.1,22.4,0.174,4.5,10,2014,3
"174","CHH","Shabazz Napier","UConn",6,340,5876,2382,645,840,0.397,0.346,0.815,17.3,7,1.9,2.5,8.3,0.068,-0.6,2.1,2014,0
"175","CHH","Noah Vonleh","Indiana",6,332,5659,1655,1740,255,0.46,0.31,0.692,17,5,5.2,0.8,9.3,0.079,-2.3,-0.5,2014,0
"176","PHO","Bogdan Bogdanovic","",3,201,5632,2674,637,694,0.432,0.37,0.803,28,13.3,3.2,3.5,8,0.068,-0.7,1.9,2014,0
"177","MIN","Glenn Robinson**","Michigan",6,279,4887,1664,721,218,0.459,0.372,0.769,17.5,6,2.6,0.8,7.5,0.074,-1.6,0.5,2014,0
"178","UTA","Dante Exum","",5,239,4429,1366,424,502,0.407,0.308,0.766,18.5,5.7,1.8,2.1,3.1,0.034,-3.3,-1.5,2014,0
"179","PHO","Tyler Ennis","Syracuse",4,186,2336,779,250,359,0.419,0.317,0.768,12.6,4.2,1.3,1.9,1.3,0.026,-3.4,-0.8,2014,0
"180","PHI","K.J. McDaniels","Clemson",3,148,2092,782,324,95,0.412,0.29,0.776,14.1,5.3,2.2,0.6,1.3,0.03,-2.8,-0.4,2014,0
"181","MIL","Giannis Antetokounmpo","",7,522,16983,10435,4627,2250,0.525,0.285,0.724,32.5,20,8.9,4.3,63.6,0.18,4.9,29.7,2013,4
"182","DET","Kentavious Caldwell-Pope","Georgia",7,533,15584,6196,1698,872,0.418,0.35,0.797,29.2,11.6,3.2,1.6,27.6,0.085,-0.7,5.1,2013,0
"183","POR","CJ McCollum","Lehigh",7,473,14552,8723,1544,1464,0.455,0.397,0.827,30.8,18.4,3.3,3.1,31.5,0.104,1,11.1,2013,0
"184","OKC","Steven Adams","Pitt",7,525,14091,5140,3989,610,0.589,0.1,0.558,26.8,9.8,7.6,1.2,44.9,0.153,0.4,8.6,2013,0
"185","DEN","Rudy Gobert","",7,468,13803,5458,5125,638,0.64,0,0.629,29.5,11.7,11,1.4,62.9,0.219,3.8,20.1,2013,1
"186","ORL","Victor Oladipo","Indiana",7,415,13697,7207,1900,1628,0.441,0.35,0.793,33,17.4,4.6,3.9,24.3,0.085,1.1,10.8,2013,2
"187","ATL","Dennis Schröder","",7,494,12607,6968,1401,2254,0.436,0.336,0.828,25.5,14.1,2.8,4.6,16.6,0.063,-1.1,3,2013,0
"188","NYK","Tim Hardaway**","Michigan",7,466,12331,6265,1231,864,0.421,0.354,0.814,26.5,13.4,2.6,1.9,19.3,0.075,-1,3.2,2013,0
"189","BRK","Mason Plumlee","Duke",7,524,11320,4369,3259,1154,0.574,0.065,0.563,21.6,8.3,6.2,2.2,34,0.144,1.3,9.6,2013,0
"190","CHI","Tony Snell","New Mexico",7,501,11278,3236,1156,582,0.428,0.385,0.838,22.5,6.5,2.3,1.2,16.1,0.068,-2,0,2013,0
"191","UTA","Gorgui Dieng","Louisville",7,510,11260,4022,3148,700,0.5,0.343,0.785,22.1,7.9,6.2,1.4,27.1,0.116,0.2,6.2,2013,0
"192","WAS","Otto Porter","Georgetown",7,413,11078,4550,2037,618,0.482,0.404,0.789,26.8,11,4.9,1.5,29.9,0.129,1.7,10.4,2013,0
"193","DAL","Kelly Olynyk","Gonzaga",7,492,10436,4739,2375,915,0.478,0.375,0.773,21.2,9.6,4.8,1.9,28.1,0.129,0.8,7.4,2013,0
"194","SAC","Ben McLemore","Kansas",7,431,10162,3858,1048,461,0.421,0.363,0.78,23.6,9,2.4,1.1,7.6,0.036,-3,-2.6,2013,0
"195","CHA","Cody Zeller","Indiana",7,419,9613,3611,2496,583,0.513,0.248,0.731,22.9,8.6,6,1.4,27.7,0.138,-0.5,3.6,2013,0
"196","CLE","Allen Crabbe","California",7,381,9125,3453,1073,434,0.425,0.387,0.831,24,9.1,2.8,1.1,13.7,0.072,-1.6,0.9,2013,0
"197","PHO","Alex Len","Maryland",7,461,9095,3683,2893,392,0.495,0.33,0.69,19.7,8,6.3,0.9,17.8,0.094,-2,0,2013,0
"198","PHI","Michael Carter-Williams","Syracuse",7,357,9038,3728,1567,1565,0.403,0.256,0.711,25.3,10.4,4.4,4.4,7,0.037,-0.9,2.5,2013,0
"199","MIN","Trey Burke","Michigan",7,386,8858,4071,776,1354,0.41,0.343,0.798,22.9,10.5,2,3.5,11.1,0.06,-1.1,1.9,2013,0
"200","IND","Solomon Hill","Arizona",7,359,7904,2094,1151,569,0.396,0.338,0.8,22,5.8,3.2,1.6,10.5,0.064,-2.1,-0.1,2013,0
"201","NOH","Nerlens Noel","Kentucky",6,355,7864,2869,2211,418,0.542,0.286,0.648,22.2,8.1,6.2,1.2,21.4,0.131,1,5.9,2013,0
"202","ATL","James Ennis","Cal State Long Beach",6,339,6768,2167,1082,299,0.453,0.354,0.795,20,6.4,3.2,0.9,13.8,0.098,-1.4,1,2013,0
"203","MIN","Andre Roberson","Colorado",5,295,6651,1356,1188,257,0.482,0.257,0.467,22.5,4.6,4,0.9,12.7,0.092,-0.5,2.5,2013,0
"204","LAC","Reggie Bullock","UNC",7,301,5924,2090,631,342,0.43,0.385,0.826,19.7,6.9,2.1,1.1,10.2,0.083,-0.8,1.7,2013,0
"205","DAL","Mike Muscala","Bucknell",7,348,5377,1946,1096,322,0.461,0.364,0.839,15.5,5.6,3.1,0.9,13,0.116,-0.3,2.4,2013,0
"206","ATL","Shane Larkin","Miami (FL)",4,256,4880,1399,490,737,0.422,0.336,0.777,19.1,5.5,1.9,2.9,4.4,0.044,-2.4,-0.6,2013,0
"207","HOU","Isaiah Canaan","Murray State",6,235,4799,1913,438,454,0.371,0.351,0.836,20.4,8.1,1.9,1.9,4.3,0.043,-2.4,-0.5,2013,0
"208","UTA","Shabazz Muhammad","UCLA",5,278,4772,2504,770,151,0.473,0.319,0.751,17.2,9,2.8,0.5,8.5,0.085,-2,0,2013,0
"209","ATL","Raul Neto","",5,248,3382,1167,313,453,0.445,0.38,0.787,13.6,4.7,1.3,1.8,5.4,0.077,-1.5,0.5,2013,0
"210","LAL","Ryan Kelly","Duke",4,163,3125,981,504,215,0.378,0.316,0.797,19.2,6,3.1,1.3,3,0.046,-2.6,-0.5,2013,0
"211","POR","Damian Lillard","Weber State",8,607,22047,14586,2539,3932,0.436,0.371,0.889,36.3,24,4.2,6.5,79.9,0.174,4.6,36.9,2012,5
"212","WAS","Bradley Beal","Florida",8,545,18832,11425,2169,2171,0.452,0.38,0.807,34.6,21,4,4,41.5,0.106,1.6,17.1,2012,2
"213","GSW","Harrison Barnes","UNC",8,604,18823,8263,2951,982,0.447,0.375,0.796,31.2,13.7,4.9,1.6,33.9,0.087,-1,4.5,2012,0
"214","DET","Andre Drummond","UConn",8,599,18590,8671,8288,778,0.542,0.146,0.461,31,14.5,13.8,1.3,60.6,0.157,1.5,16.3,2012,2
"215","NOH","Anthony Davis","Kentucky",8,521,17997,12526,5423,1154,0.517,0.319,0.801,34.5,24,10.4,2.2,82.3,0.219,6.3,37.7,2012,7
"216","GSW","Draymond Green","Michigan State",8,576,16201,5170,3966,2855,0.435,0.319,0.71,28.1,9,6.9,5,44.4,0.132,2.8,19.4,2012,3
"217","DET","Khris Middleton","Texas A&M",8,510,16082,8288,2363,1693,0.458,0.392,0.874,31.5,16.3,4.6,3.3,38.3,0.114,0.5,10.2,2012,2
"218","CLE","Jae Crowder","Marquette",8,601,14848,5739,2474,921,0.419,0.336,0.779,24.7,9.5,4.1,1.5,31.9,0.103,0.1,7.8,2012,0
"219","DEN","Evan Fournier","",8,518,14713,7306,1419,1344,0.449,0.376,0.807,28.4,14.1,2.7,2.6,23.9,0.078,-1.1,3.2,2012,0
"220","TOR","Terrence Ross","Washington",8,555,13665,6093,1569,609,0.421,0.371,0.825,24.6,11,2.8,1.1,22,0.077,-0.5,5.2,2012,0
"221","NOH","Austin Rivers","Duke",8,544,13325,4964,1130,1250,0.418,0.348,0.64,24.5,9.1,2.1,2.3,11.3,0.041,-3,-3.4,2012,0
"222","PHI","Maurice Harkless","St. John's",8,537,12384,3848,1997,505,0.478,0.325,0.612,23.1,7.2,3.7,0.9,21.9,0.085,-0.5,4.7,2012,0
"223","POR","Will Barton","Memphis",8,496,12110,5492,2089,1248,0.434,0.347,0.786,24.4,11.1,4.2,2.5,20.9,0.083,0,6.2,2012,0
"224","CLE","Dion Waiters","Syracuse",8,412,11670,5422,1095,1146,0.412,0.348,0.692,28.3,13.2,2.7,2.8,8.7,0.036,-2.1,-0.4,2012,0
"225","CHA","Michael Kidd-Gilchrist","Kentucky",8,442,10928,3742,2408,514,0.474,0.272,0.715,24.7,8.5,5.4,1.2,21,0.092,-1.8,0.6,2012,0
"226","HOU","Jeremy Lamb","UConn",8,481,10196,5032,1788,770,0.444,0.339,0.851,21.2,10.5,3.7,1.6,23.4,0.11,0.7,7,2012,0
"227","MIL","John Henson","UNC",8,445,8752,3383,2368,496,0.54,0.25,0.568,19.7,7.6,5.3,1.1,20.7,0.113,-0.4,3.4,2012,0
"228","ATL","Mike Scott","Virginia",8,499,8242,3473,1584,451,0.458,0.363,0.76,16.5,7,3.2,0.9,15.4,0.089,-1.7,0.7,2012,0
"229","DAL","Tyler Zeller","UNC",7,412,7250,2871,1816,367,0.509,0.286,0.764,17.6,7,4.4,0.9,17.1,0.113,-2,0,2012,0
"230","POR","Meyers Leonard","Illinois",8,442,7082,2483,1718,391,0.483,0.392,0.813,16,5.6,3.9,0.9,15.6,0.106,-1.4,1.1,2012,0
"231","ORL","Kyle O'Quinn","Norfolk State",8,469,6659,2553,2148,627,0.517,0.225,0.739,14.2,5.4,4.6,1.3,17.6,0.127,0.9,4.8,2012,0
"232","BOS","Jared Sullinger","Ohio State",5,269,6532,2893,2006,477,0.436,0.272,0.723,24.3,10.8,7.5,1.8,15.3,0.113,-0.4,2.7,2012,0
"233","WAS","Tomáš Satoranský","",4,275,6404,2031,849,1131,0.469,0.369,0.817,23.3,7.4,3.1,4.1,13.8,0.103,-0.6,2.2,2012,0
"234","HOU","Terrence Jones","Kentucky",6,234,5562,2431,1334,238,0.501,0.297,0.621,23.8,10.4,5.7,1,14.7,0.127,0.5,3.6,2012,0
"235","TOR","Quincy Acy","Baylor",7,337,5392,1642,1179,217,0.444,0.35,0.759,16,4.9,3.5,0.6,8.7,0.078,-2,-0.1,2012,0
"236","NOH","Darius Miller","Kentucky",5,253,5161,1524,423,346,0.418,0.382,0.83,20.4,6,1.7,1.4,5.9,0.055,-2.5,-0.7,2012,0
"237","SAC","Thomas Robinson","Kansas",5,313,4204,1528,1507,190,0.47,0,0.505,13.4,4.9,4.8,0.6,4.6,0.053,-3.5,-1.6,2012,0
"238","ORL","Andrew Nicholson","St. Bonaventure",5,285,4080,1700,857,126,0.467,0.321,0.773,14.3,6,3,0.4,3.8,0.045,-3.6,-1.6,2012,0
"239","PHO","Kendall Marshall","UNC",4,160,3083,802,253,779,0.399,0.37,0.611,19.3,5,1.6,4.9,1,0.015,-3.5,-1.1,2012,0
"240","MEM","Tony Wroten","Washington",4,145,3076,1604,363,437,0.413,0.231,0.647,21.2,11.1,2.5,3,-1.3,-0.021,-3.4,-1.1,2012,0
"241","CHA","Kemba Walker","UConn",9,655,22199,13069,2521,3555,0.418,0.36,0.838,33.9,20,3.8,5.4,54,0.117,2.9,27.6,2011,4
"242","GSW","Klay Thompson","Washington State",8,615,20340,11995,2130,1416,0.459,0.419,0.848,33.1,19.5,3.5,2.3,46.8,0.11,0.7,14.2,2011,5
"243","CHI","Jimmy Butler","Marquette",9,577,19080,9823,2936,2136,0.454,0.333,0.835,33.1,17,5.1,3.7,74.6,0.188,4.2,29.7,2011,5
"244","CHA","Tobias Harris","Tennessee",9,611,18835,9694,3690,1234,0.471,0.364,0.82,30.8,15.9,6,2,45,0.115,0.9,13.8,2011,0
"245","PHI","Nikola Vucevic","USC",9,590,17868,9463,6033,1512,0.499,0.331,0.745,30.3,16,10.2,2.6,47.2,0.127,1.9,17.7,2011,1
"246","CLE","Kyrie Irving","Duke",9,528,17827,11842,1955,3012,0.466,0.39,0.877,33.8,22.4,3.7,5.7,61.3,0.165,4.5,29.2,2011,6
"247","CLE","Tristan Thompson","Texas",9,619,17372,5839,5393,624,0.518,0.281,0.61,28.1,9.4,8.7,1,43.1,0.119,-1.6,1.8,2011,0
"248","HOU","Marcus Morris","Kansas",9,600,16181,7248,2795,905,0.431,0.367,0.759,27,12.1,4.7,1.5,30,0.089,-0.5,6,2011,0
"249","PHO","Markieff Morris","Kansas",9,631,16145,7250,3384,1054,0.448,0.344,0.778,25.6,11.5,5.4,1.7,24.9,0.074,-1.3,2.9,2011,0
"250","IND","Kawhi Leonard","San Diego State",9,518,16047,9620,3323,1377,0.491,0.381,0.854,31,18.6,6.4,2.7,73.4,0.22,6.8,35.7,2011,4
"251","SAC","Isaiah Thomas","Washington",9,525,15182,9508,1288,2599,0.436,0.364,0.872,28.9,18.1,2.5,5,45.3,0.143,2.3,16.5,2011,2
"252","OKC","Reggie Jackson","Boston College",9,553,13933,7129,1634,2431,0.428,0.336,0.857,25.2,12.9,3,4.4,29.1,0.1,0.5,8.7,2011,0
"253","TOR","Jonas Valanciunas","",8,551,13931,6825,4860,500,0.562,0.361,0.781,25.3,12.4,8.8,0.9,51.5,0.177,0.7,9.5,2011,0
"254","UTA","Enes Kanter","",9,634,13840,7362,4830,539,0.542,0.287,0.776,21.8,11.6,7.6,0.9,43.4,0.151,-0.2,6.3,2011,0
"255","HOU","Chandler Parsons","Florida",9,440,13246,5571,1972,1201,0.462,0.373,0.713,30.1,12.7,4.5,2.7,28.9,0.105,1.1,10.2,2011,0
"256","MIA","Bojan Bogdanovic","",6,462,13172,6570,1607,689,0.46,0.394,0.858,28.5,14.2,3.5,1.5,22.7,0.083,-1.1,2.9,2011,0
"257","DET","Brandon Knight","Kentucky",8,446,13137,6269,1377,1769,0.411,0.353,0.806,29.5,14.1,3.1,4,11.5,0.042,-1.6,1.5,2011,0
"258","SAS","Cory Joseph","Texas",9,592,12894,4070,1526,1703,0.441,0.331,0.766,21.8,6.9,2.6,2.9,24,0.089,-0.8,3.9,2011,0
"259","SAC","Bismack Biyombo","",9,636,12864,3273,3968,338,0.52,0,0.575,20.2,5.1,6.2,0.5,25.3,0.095,-2.6,-2,2011,0
"260","BOS","E'Twaun Moore","Purdue",9,566,12113,4581,1155,1010,0.455,0.39,0.737,21.4,8.1,2,1.8,14.4,0.057,-1.9,0.3,2011,0
"261","DEN","Kenneth Faried","Morehead State University",8,478,11728,5430,3884,470,0.546,0.222,0.654,24.5,11.4,8.1,1,38.8,0.159,0.5,7.5,2011,0
"262","NYK","Iman Shumpert","Georgia Tech",9,459,11459,3318,1533,845,0.392,0.338,0.764,25,7.2,3.3,1.8,12.9,0.054,-1.7,0.9,2011,0
"263","UTA","Alec Burks","Colorado",9,488,10664,4980,1566,900,0.42,0.358,0.792,21.9,10.2,3.2,1.8,15.9,0.072,-1.2,2.1,2011,0
"264","MIN","Derrick Williams","Arizona",7,428,8864,3809,1693,293,0.434,0.3,0.71,20.7,8.9,4,0.7,14.1,0.076,-1.6,0.8,2011,0
"265","WAS","Shelvin Mack","Butler",8,456,8392,2997,894,1421,0.423,0.33,0.731,18.4,6.6,2,3.1,10.3,0.059,-1.9,0.1,2011,0
"266","CHI","Norris Cole","Cleveland State University",6,360,8018,2506,702,981,0.407,0.324,0.743,22.3,7,2,2.7,3,0.018,-4.1,-4.1,2011,0
"267","DET","Kyle Singler","Duke",6,356,7794,2326,1026,272,0.418,0.362,0.786,21.9,6.5,2.9,0.8,10,0.062,-2.5,-0.9,2011,0
"268","HOU","Nikola Mirotic","",5,319,7718,3910,1894,407,0.423,0.359,0.808,24.2,12.3,5.9,1.3,20.8,0.129,1.6,7.1,2011,0
"269","PHI","Lavoy Allen","Temple",6,388,6905,1847,1843,384,0.471,0.133,0.682,17.8,4.8,4.8,1,13.8,0.096,-2.1,-0.1,2011,0
"270","MIL","Jon Leuer","Wisconsin",8,377,5945,2395,1426,301,0.484,0.328,0.767,15.8,6.4,3.8,0.8,13.2,0.107,-0.7,2,2011,0
"271","IND","Paul George","Fresno State",10,646,21646,12863,4132,2162,0.433,0.38,0.846,33.5,19.9,6.4,3.3,69.1,0.153,4.1,33.1,2010,6
"272","WAS","John Wall","Kentucky",9,573,20545,10879,2483,5282,0.433,0.324,0.781,35.9,19,4.3,9.2,44.3,0.104,2.6,23.6,2010,5
"273","UTA","Gordon Hayward","Butler",10,634,19533,9682,2766,2191,0.451,0.366,0.822,30.8,15.3,4.4,3.5,52.9,0.13,2.2,20.8,2010,1
"274","PHI","Evan Turner","Ohio State",10,705,18938,6824,3278,2462,0.434,0.294,0.782,26.9,9.7,4.6,3.5,20.2,0.051,-1.9,0.5,2010,0
"275","SAC","DeMarcus Cousins","Kentucky",9,565,18078,12006,6131,1832,0.461,0.332,0.737,32,21.2,10.9,3.2,44.1,0.117,2.6,21.1,2010,4
"276","DET","Greg Monroe","Georgetown",9,632,17475,8326,5229,1354,0.514,0.059,0.704,27.7,13.2,8.3,2.1,49.7,0.136,1.4,15.2,2010,0
"277","OKC","Eric Bledsoe","Kentucky",10,626,17427,8899,2488,3026,0.457,0.337,0.795,27.8,14.2,4,4.8,42.3,0.117,2.2,18.5,2010,0
"278","NJN","Derrick Favors","Georgia Tech",10,677,17356,7735,4992,776,0.53,0.207,0.662,25.6,11.4,7.4,1.1,53.3,0.147,0.9,12.7,2010,0
"279","LAC","Al-Farouq Aminu","Wake Forest",10,688,17264,5248,4170,848,0.421,0.335,0.745,25.1,7.6,6.1,1.2,27.5,0.076,-0.5,6.6,2010,0
"280","BOS","Avery Bradley","Texas",10,571,16143,6712,1670,1012,0.436,0.364,0.78,28.3,11.8,2.9,1.8,16.2,0.048,-2.2,-0.7,2010,0
"281","HOU","Patrick Patterson","Kentucky",10,673,14172,4527,2694,697,0.448,0.369,0.752,21.1,6.7,4,1,30.2,0.102,0,7.1,2010,0
"282","MIN","Wesley Johnson","Syracuse",9,609,13472,4235,1924,645,0.404,0.337,0.741,22.1,7,3.2,1.1,10.7,0.038,-1.6,1.2,2010,0
"283","TOR","Ed Davis","UNC",10,665,13221,4197,4427,507,0.568,0,0.583,19.9,6.3,6.7,0.8,41.7,0.151,-0.1,6.2,2010,0
"284","IND","Lance Stephenson","Cincinnati",9,508,11866,4354,2124,1456,0.444,0.315,0.685,23.4,8.6,4.2,2.9,16.7,0.068,-1.2,2.5,2010,0
"285","MIN","Trevor Booker","Clemson",8,532,10872,3679,2932,566,0.515,0.305,0.636,20.4,6.9,5.5,1.1,26.2,0.116,-0.5,4.2,2010,0
"286","SAC","Hassan Whiteside","Marshall",8,404,10840,5576,4778,277,0.582,0.32,0.606,26.8,13.8,11.8,0.7,44.9,0.199,2.8,13.2,2010,0
"287","MEM","Greivis Vásquez","Maryland",7,401,9520,3591,1021,1935,0.418,0.349,0.817,23.7,9,2.5,4.8,12.6,0.064,-1.2,1.9,2010,0
"288","WAS","Nemanja Bjelica","",5,333,7245,2665,1584,574,0.465,0.393,0.77,21.8,8,4.8,1.7,15.4,0.102,0.3,4.1,2010,0
"289","NJN","Jordan Crawford","Xavier",6,281,6843,3432,703,883,0.411,0.317,0.826,24.4,12.2,2.5,3.1,6.3,0.044,-1.3,1.3,2010,0
"290","CHI","Kevin Séraphin","",7,423,6430,2516,1462,246,0.489,0,0.715,15.2,5.9,3.5,0.6,5.9,0.044,-4.3,-3.6,2010,0
"291","NYK","Landry Fields","Stanford",5,255,6010,1731,1092,419,0.473,0.332,0.666,23.6,6.8,4.3,1.6,10.5,0.084,-0.3,2.6,2010,0
"292","GSW","Ekpe Udoh","Baylor",7,384,5694,1353,1100,260,0.453,0,0.718,14.8,3.5,2.9,0.7,10.4,0.088,-1.4,0.8,2010,0
"293","OKC","Quincy Pondexter","Washington",7,355,5530,1609,640,263,0.423,0.356,0.746,15.6,4.5,1.8,0.7,9.7,0.084,-1.8,0.3,2010,0
"294","MIN","Luke Babbitt","Nevada",8,381,5332,1818,846,224,0.408,0.402,0.747,14,4.8,2.2,0.6,7.2,0.065,-2.1,-0.1,2010,0
"295","MIL","Larry Sanders","Virginia Commonwealth",6,238,4635,1520,1345,174,0.48,0,0.553,19.5,6.4,5.7,0.7,10.3,0.107,-1.1,1.1,2010,0
"296","SAS","James Anderson","Oklahoma State",5,247,4320,1422,560,291,0.411,0.321,0.755,17.5,5.8,2.3,1.2,3.3,0.037,-2.7,-0.8,2010,0
"297","NOH","Cole Aldrich","Kansas",8,339,3389,1050,1131,183,0.527,0,0.738,10,3.1,3.3,0.5,9.6,0.135,0.1,1.8,2010,0
"298","MEM","Xavier Henry","Kansas",5,185,2905,1050,351,120,0.406,0.325,0.635,15.7,5.7,1.9,0.6,0.8,0.013,-4.4,-1.7,2010,0
"299","UTA","Jeremy Evans","Western Kentucky",7,250,2626,879,641,107,0.569,0.231,0.687,10.5,3.5,2.6,0.4,8.2,0.15,0.9,1.9,2010,0
"300","POR","Elliot Williams","Memphis",4,109,1470,537,161,94,0.421,0.31,0.669,13.5,4.9,1.5,0.9,0.7,0.024,-4.9,-1.1,2010,0
"301","OKC","James Harden","Arizona State",11,826,28347,20723,4388,5193,0.442,0.363,0.858,34.3,25.1,5.3,6.3,133.3,0.226,6.9,63.7,2009,8
"302","TOR","DeMar DeRozan","USC",11,813,27765,16283,3545,2893,0.457,0.283,0.829,34.2,20,4.4,3.6,66.5,0.115,0.4,16.6,2009,4
"303","GSW","Stephen Curry","Davidson",11,699,23998,16419,3158,4621,0.476,0.435,0.906,34.3,23.5,4.5,6.6,103.2,0.207,6.4,50.7,2009,6
"304","PHI","Jrue Holiday","UCLA",11,707,23508,11224,2767,4529,0.452,0.355,0.777,33.3,15.9,3.9,6.4,43,0.088,1.2,19.1,2009,1
"305","LAC","Blake Griffin","Oklahoma",10,622,21671,13479,5501,2749,0.498,0.333,0.694,34.8,21.7,8.8,4.4,75.2,0.167,3.8,31.9,2009,6
"306","ATL","Jeff Teague","Wake Forest",11,771,21214,9690,1901,4453,0.445,0.356,0.844,27.5,12.6,2.5,5.8,50.8,0.115,0.7,14.3,2009,1
"307","NOH","Darren Collison","UCLA",10,708,20796,8857,1885,3543,0.471,0.394,0.853,29.4,12.5,2.7,5,49.9,0.115,0.6,13.5,2009,0
"308","CHI","Taj Gibson","USC",11,799,20094,7618,4998,812,0.515,0.22,0.709,25.1,9.5,6.3,1,52.4,0.125,-0.8,6.4,2009,0
"309","SAC","Tyreke Evans","Memphis",10,594,18242,9347,2720,2852,0.44,0.323,0.757,30.7,15.7,4.6,4.8,28.4,0.075,0.8,13.1,2009,0
"310","CLE","Danny Green","UNC",11,681,17298,6077,2375,1083,0.424,0.402,0.81,25.4,8.9,3.5,1.6,42.7,0.118,2.1,17.9,2009,0
"311","MIN","Ricky Rubio","",9,555,17172,6269,2357,4324,0.391,0.326,0.84,30.9,11.3,4.2,7.8,36.4,0.102,0.9,12.6,2009,0
"312","MIL","Brandon Jennings","",9,555,16844,7801,1659,3151,0.387,0.345,0.796,30.3,14.1,3,5.7,29.9,0.085,0.8,11.8,2009,0
"313","MIN","Ty Lawson","UNC",8,551,16088,6977,1506,3316,0.46,0.359,0.77,29.2,12.7,2.7,6,42.1,0.126,1.4,13.6,2009,0
"314","POR","Dante Cunningham","Villanova",10,715,14875,4133,2676,506,0.469,0.345,0.649,20.8,5.8,3.7,0.7,24.9,0.08,-1.7,1.1,2009,0
"315","MIN","Wayne Ellington","UNC",11,681,14278,5461,1481,755,0.408,0.378,0.846,21,8,2.2,1.1,18.2,0.061,-1.6,1.6,2009,0
"316","CHA","Gerald Henderson","Duke",8,535,13854,5987,1716,1009,0.44,0.327,0.793,25.9,11.2,3.2,1.9,18.3,0.063,-1.8,0.6,2009,0
"317","MEM","DeMarre Carroll","Missouri",11,575,13616,5136,2446,719,0.43,0.358,0.74,23.7,8.9,4.3,1.3,29.4,0.104,0,6.7,2009,0
"318","CHI","James Johnson","Wake Forest",11,634,13081,5055,2284,1355,0.477,0.31,0.693,20.6,8,3.6,2.1,24.6,0.09,0.8,9.4,2009,0
"319","POR","Patty Mills","Saint Mary's",11,668,12927,5829,1109,1543,0.43,0.389,0.851,19.4,8.7,1.7,2.3,30.1,0.112,0.6,8.4,2009,0
"320","MIL","Jodie Meeks","Kentucky",10,539,12110,4988,1120,583,0.42,0.373,0.879,22.5,9.3,2.1,1.1,24.3,0.096,-0.6,4.2,2009,0
"321","LAL","Patrick Beverley","Arkansas",8,428,12060,3818,1877,1491,0.414,0.38,0.762,28.2,8.9,4.4,3.5,28.2,0.112,0.9,8.9,2009,0
"322","SAC","Omri Casspi","",10,588,11959,4642,2355,662,0.454,0.368,0.678,20.3,7.9,4,1.1,19.6,0.078,-0.8,3.5,2009,0
"323","DET","Jonas Jerebko","",9,635,11323,3919,2522,525,0.457,0.363,0.77,17.8,6.2,4,0.8,25.8,0.109,-1,2.9,2009,0
"324","MIA","Marcus Thornton","LSU",8,483,11299,5750,1348,677,0.425,0.358,0.83,23.4,11.9,2.8,1.4,20,0.085,0.2,6.2,2009,0
"325","DET","Chase Budinger","Arizona",7,407,7998,3198,1240,473,0.43,0.352,0.797,19.7,7.9,3,1.2,13.9,0.083,-0.5,2.9,2009,0
"326","NYK","Jordan Hill","Arizona",8,409,7692,3232,2389,322,0.497,0.136,0.699,18.8,7.9,5.8,0.8,16.4,0.102,-2,0,2009,0
"327","LAL","Toney Douglas","Florida State",8,394,7511,3009,875,889,0.404,0.354,0.824,19.1,7.6,2.2,2.3,12.1,0.077,-0.8,2.2,2009,0
"328","IND","Tyler Hansbrough","UNC",7,428,7233,2881,1808,181,0.439,0.136,0.738,16.9,6.7,4.2,0.4,20.2,0.134,-2,0,2009,0
"329","SAS","DeJuan Blair","Pitt",7,424,7054,2865,2153,349,0.524,0,0.608,16.6,6.8,5.1,0.8,19,0.129,-1.2,1.4,2009,0
"330","DET","Austin Daye","Gonzaga",6,293,4132,1522,764,212,0.402,0.351,0.778,14.1,5.2,2.6,0.7,4.5,0.053,-2,0,2009,0
"331","SEA","Russell Westbrook","UCLA",12,874,30235,20315,6186,7267,0.437,0.304,0.8,34.6,23.2,7.1,8.3,101.3,0.161,4.9,52.2,2008,9
"332","HOU","Nicolas Batum","",12,789,24733,9118,4137,2967,0.434,0.357,0.841,31.3,11.6,5.2,3.8,54.7,0.106,1.6,22.6,2008,0
"333","LAC","DeAndre Jordan","Texas A&M",12,875,24326,8301,9451,818,0.669,0.091,0.474,27.8,9.5,10.8,0.9,88.7,0.175,1.4,20.9,2008,1
"334","NJN","Brook Lopez","Stanford",12,778,23797,13084,4967,1186,0.494,0.338,0.792,30.6,16.8,6.4,1.5,64.7,0.13,1.4,20.4,2008,1
"335","SEA","Serge Ibaka","",11,803,23001,10099,5906,618,0.514,0.361,0.76,28.6,12.6,7.4,0.8,67.8,0.141,0.6,15,2008,0
"336","MEM","Kevin Love","UCLA",12,713,22803,12993,7944,1697,0.442,0.37,0.828,32,18.2,11.1,2.4,82,0.173,3.4,31,2008,5
"337","SAS","Goran Dragic","",12,812,22767,11289,2481,3921,0.464,0.364,0.763,28,13.9,3.1,4.8,54.1,0.114,0.8,16.3,2008,1
"338","ORL","Courtney Lee","Western Kentucky",12,811,21938,7765,2127,1353,0.451,0.388,0.853,27.1,9.6,2.6,1.7,39.4,0.086,-0.6,7.9,2008,0
"339","LAC","Eric Gordon","Indiana",12,663,21755,10991,1634,1894,0.425,0.37,0.811,32.8,16.6,2.5,2.9,34.3,0.076,-0.4,8.7,2008,0
"340","SAS","George Hill","IUPUI",12,778,21574,8662,2407,2475,0.457,0.385,0.803,27.7,11.1,3.1,3.2,65,0.145,1.5,18.9,2008,0
"341","CHA","D.J. Augustin","Texas",12,856,20634,8439,1630,3427,0.412,0.379,0.865,24.1,9.9,1.9,4,44.5,0.103,-0.5,8,2008,0
"342","CHI","Derrick Rose","Memphis",11,596,19402,11185,2031,3334,0.456,0.304,0.827,32.6,18.8,3.4,5.6,39.7,0.098,1.3,16.5,2008,3
"343","NYK","Danilo Gallinari","",11,604,18742,9777,2971,1231,0.427,0.381,0.872,31,16.2,4.9,2,56.1,0.144,2,18.9,2008,0
"344","PHO","Robin Lopez","Stanford",12,826,18511,7273,4191,683,0.529,0.299,0.751,22.4,8.8,5.1,0.8,44.7,0.116,-1,4.8,2008,0
"345","MIN","Mario Chalmers","Kansas",9,646,17245,5743,1585,2412,0.417,0.351,0.793,26.7,8.9,2.5,3.7,32.3,0.09,-0.6,5.9,2008,0
"346","MIN","O.J. Mayo","USC",8,547,16919,7574,1706,1607,0.429,0.373,0.82,30.9,13.8,3.1,2.9,21.8,0.062,-0.9,4.7,2008,0
"347","NJN","Ryan Anderson","California",12,649,16769,8001,3413,586,0.422,0.38,0.854,25.8,12.3,5.3,0.9,46.7,0.134,1,12.8,2008,0
"348","TOR","Roy Hibbert","Georgetown",9,662,16389,6611,4173,885,0.465,0.25,0.755,24.8,10,6.3,1.3,35.9,0.105,-1.1,3.5,2008,2
"349","MIL","Luc Mbah a Moute","UCLA",11,686,16013,4375,2798,588,0.454,0.335,0.66,23.3,6.4,4.1,0.9,26,0.078,-1.5,2,2008,0
"350","SAC","Jason Thompson","Rider University",8,588,14819,5210,3880,635,0.496,0.143,0.657,25.2,8.9,6.6,1.1,23.8,0.077,-2.6,-2.4,2008,0
"351","MIA","Michael Beasley","Kansas State",11,609,13903,7568,2861,788,0.465,0.349,0.759,22.8,12.4,4.7,1.3,15.6,0.054,-1.7,0.9,2008,0
"352","IND","Jerryd Bayless","Arizona",11,586,12486,4909,1235,1674,0.411,0.361,0.818,21.3,8.4,2.1,2.9,18.6,0.072,-1.6,1.1,2008,0
"353","WAS","JaVale McGee","Nevada",12,694,12025,5487,3573,274,0.575,0.152,0.592,17.3,7.9,5.1,0.4,36.4,0.145,0.2,6.7,2008,0
"354","CLE","J.J. Hickson","NC State",8,534,11925,5081,3639,449,0.505,0,0.617,22.3,9.5,6.8,0.8,21.9,0.088,-1.8,0.5,2008,0
"355","UTA","Kosta Koufos","Ohio State",11,686,11271,3913,3452,359,0.534,0,0.582,16.4,5.7,5,0.5,28.3,0.12,-1.3,2,2008,0
"356","PHI","Marreese Speights","Florida",10,705,10640,5592,2875,461,0.459,0.356,0.797,15.1,7.9,4.1,0.7,25.8,0.116,-2.2,-0.6,2008,0
"357","POR","Brandon Rush","Kansas",9,481,10564,3250,1413,468,0.426,0.402,0.706,22,6.8,2.9,1,11.2,0.051,-1.4,1.6,2008,0
"358","POR","Ömer Asik","",8,471,9216,2479,3362,280,0.528,0,0.551,19.6,5.3,7.1,0.6,20.9,0.109,-1.9,0.1,2008,0
"359","NOH","Darrell Arthur","Kansas",9,503,8945,3282,1768,409,0.444,0.352,0.765,17.8,6.5,3.5,0.8,12.3,0.066,-2.2,-0.4,2008,0
"360","NJN","Chris Douglas-Roberts","Memphis",6,222,4381,1571,472,254,0.439,0.329,0.831,19.7,7.1,2.1,1.1,5.4,0.059,-2.2,-0.2,2008,0
"361","SEA","Kevin Durant","Texas",12,849,31305,22940,5992,3486,0.493,0.381,0.883,36.9,27,7.1,4.1,141.7,0.217,6.7,69,2007,10
"362","PHI","Thaddeus Young","Georgia Tech",13,965,29281,12703,5714,1607,0.498,0.333,0.67,30.3,13.2,5.9,1.7,61.6,0.101,0.3,16.9,2007,0
"363","ATL","Al Horford","Florida",13,846,27633,11814,7009,2792,0.52,0.361,0.754,32.7,14,8.3,3.3,90.7,0.158,2.8,33.5,2007,5
"364","LAL","Marc Gasol","",12,831,27555,12196,6342,2864,0.482,0.356,0.777,33.2,14.7,7.6,3.4,82.2,0.143,3.1,35.4,2007,3
"365","MEM","Mike Conley","Ohio State",13,829,26871,12300,2460,4687,0.439,0.375,0.818,32.4,14.8,3,5.7,73.5,0.131,2.3,29.3,2007,0
"366","BOS","Jeff Green","Georgetown",12,900,26573,11657,3988,1403,0.441,0.334,0.805,29.5,13,4.4,1.6,41.6,0.075,-1.3,4.3,2007,0
"367","DET","Arron Afflalo","UCLA",11,762,20829,8198,2176,1386,0.45,0.386,0.825,27.3,10.8,2.9,1.8,33.5,0.077,-1.5,2.4,2007,0
"368","NYK","Wilson Chandler","DePaul",12,676,20287,8463,3574,1205,0.443,0.341,0.77,30,12.5,5.3,1.8,29,0.069,-1.3,3.5,2007,0
"369","CHA","Jared Dudley","Boston College",13,887,19983,6617,2819,1380,0.464,0.394,0.732,22.5,7.5,3.2,1.6,42.8,0.103,0.2,11.1,2007,0
"370","GSW","Marco Belinelli","",13,855,19444,8310,1760,1424,0.424,0.376,0.845,22.7,9.7,2.1,1.7,30.2,0.075,-1.3,3.3,2007,0
"371","MIN","Corey Brewer","Florida",12,814,18738,7092,2279,1248,0.425,0.284,0.713,23,8.7,2.8,1.5,22.5,0.058,-1.6,2,2007,0
"372","CHI","Joakim Noah","Florida",12,667,18596,5867,6042,1900,0.491,0,0.7,27.9,8.8,9.1,2.8,61.8,0.16,2.5,20.9,2007,2
"373","DET","Rodney Stuckey","Eastern Washington",10,651,17890,8185,1912,2333,0.423,0.3,0.824,27.5,12.6,2.9,3.6,28.7,0.077,-0.9,4.9,2007,0
"374","WAS","Nick Young","USC",12,720,16419,8194,1427,687,0.418,0.376,0.836,22.8,11.4,2,1,18.6,0.054,-2.2,-0.8,2007,0
"375","MIL","Ramon Sessions","Nevada",11,691,16119,7141,1840,2807,0.434,0.316,0.791,23.3,10.3,2.7,4.1,28.8,0.086,-0.7,5.2,2007,0
"376","SAC","Spencer Hawes","Washington",10,684,15541,5932,3893,1271,0.457,0.35,0.716,22.7,8.7,5.7,1.9,22.6,0.07,-1.1,3.4,2007,0
"377","HOU","Aaron Brooks","Oregon",10,645,13439,6259,1079,1925,0.413,0.37,0.837,20.8,9.7,1.7,3,19.2,0.069,-1.2,2.7,2007,0
"378","SEA","Carl Landry","Purdue",9,513,11524,5541,2533,355,0.535,0.3,0.785,22.5,10.8,4.9,0.7,35.9,0.149,-0.3,5,2007,0
"379","SEA","Glen Davis","LSU",8,514,10865,4111,2236,457,0.447,0.182,0.7,21.1,8,4.4,0.9,18.6,0.082,-2.6,-1.7,2007,0
"380","MIA","Jason Smith","Colorado State",11,616,10029,3777,2075,453,0.468,0.333,0.783,16.3,6.1,3.4,0.7,14.1,0.067,-2.9,-2.4,2007,0
"381","LAC","Al Thornton","Florida State",4,296,8274,3527,1233,353,0.452,0.293,0.747,28,11.9,4.2,1.2,6.1,0.035,-3.5,-3.2,2007,0
"382","POR","Josh McRoberts","Duke",11,433,8271,2333,1686,901,0.463,0.34,0.705,19.1,5.4,3.9,2.1,18.5,0.107,0.3,4.7,2007,0
"383","CHA","Brandan Wright","UNC",10,428,6949,2976,1560,199,0.607,0,0.674,16.2,7,3.6,0.5,26.2,0.181,2.3,7.5,2007,0
"384","SAS","Tiago Splitter","",7,355,6812,2816,1779,423,0.555,0.143,0.697,19.2,7.9,5,1.2,25.3,0.178,1.1,5.4,2007,0
"385","MIL","Yi Jianlian","",5,272,6038,2148,1339,192,0.404,0.333,0.78,22.2,7.9,4.9,0.7,3.1,0.025,-4.3,-3.5,2007,0
"386","PHI","Daequan Cook","Ohio State",6,328,5993,2114,703,243,0.369,0.359,0.813,18.3,6.4,2.1,0.7,4.9,0.039,-2.7,-1.1,2007,0
"387","PHO","Rudy Fernández","",4,249,5965,2254,608,554,0.399,0.36,0.84,24,9.1,2.4,2.2,14.2,0.114,1.7,5.6,2007,0
"388","WAS","Dominic McGuire","Fresno State",6,342,5348,939,1169,422,0.419,0.188,0.658,15.6,2.7,3.4,1.2,4.1,0.037,-2.1,-0.1,2007,0
"389","CHI","Aaron Gray","Pitt",7,318,3851,1066,1190,207,0.509,0,0.562,12.1,3.4,3.7,0.7,6.2,0.077,-3.6,-1.5,2007,0
"390","NOK","Julian Wright","Kansas",4,231,3049,907,531,182,0.499,0.262,0.584,13.2,3.9,2.3,0.8,3.9,0.061,-0.5,1.2,2007,0
"391","CHI","LaMarcus Aldridge","Texas",14,1003,34518,19599,8360,1985,0.491,0.312,0.811,34.4,19.5,8.3,2,111.4,0.155,1.7,32.4,2006,7
"392","HOU","Rudy Gay","UConn",14,939,31175,16062,5535,2066,0.456,0.345,0.798,33.2,17.1,5.9,2.2,56.4,0.087,0.7,21.6,2006,0
"393","UTA","Paul Millsap","Louisiana Tech",14,989,28796,13857,7264,2238,0.491,0.343,0.737,29.1,14,7.3,2.3,91.6,0.153,2,29.2,2006,4
"394","MEM","Kyle Lowry","Villanova",14,908,28682,13381,3905,5623,0.423,0.366,0.809,31.6,14.7,4.3,6.2,93.5,0.157,3.2,38,2006,6
"395","PHO","Rajon Rondo","Kentucky",14,873,27103,8909,4131,7215,0.458,0.316,0.606,31,10.2,4.7,8.3,59.9,0.106,1.3,22.9,2006,4
"396","ORL","J.J. Redick","Duke",14,890,23085,11589,1828,1800,0.448,0.416,0.891,25.9,13,2.1,2,62.6,0.13,0.8,16.1,2006,0
"397","BOS","Randy Foye","Villanova",11,752,19279,7729,1686,2112,0.401,0.366,0.852,25.6,10.3,2.2,2.8,23.5,0.058,-1.2,3.8,2006,0
"398","PHI","Thabo Sefolosha","",14,869,19062,4994,3252,1196,0.449,0.349,0.732,21.9,5.7,3.7,1.4,39.3,0.099,0.6,12.4,2006,0
"399","TOR","P.J. Tucker","Texas",9,646,18928,4760,3764,925,0.423,0.362,0.749,29.3,7.4,5.8,1.4,34,0.086,-0.6,6.8,2006,0
"400","TOR","Andrea Bargnani","",10,550,15806,7873,2541,653,0.439,0.354,0.824,28.7,14.3,4.6,1.2,18.9,0.057,-1.6,1.5,2006,0
"401","MIN","Brandon Roy","Washington",6,326,11561,6136,1388,1517,0.459,0.348,0.8,35.5,18.8,4.3,4.7,37.4,0.155,3.6,16.3,2006,3
"402","UTA","Ronnie Brewer","Arkansas",8,502,11539,3940,1427,828,0.49,0.254,0.675,23,7.8,2.8,1.6,30.4,0.127,1.6,10.6,2006,0
"403","LAL","Jordan Farmar","UCLA",10,504,9840,3888,958,1453,0.423,0.374,0.739,19.5,7.7,1.9,2.9,13.9,0.068,-0.5,3.7,2006,0
"404","CLE","Daniel Gibson","Texas",7,397,9316,3115,792,775,0.402,0.407,0.78,23.5,7.8,2,2,16,0.082,-1,2.4,2006,0
"405","POR","Tyrus Thomas","LSU",8,402,7932,3093,1938,347,0.438,0.235,0.732,19.7,7.7,4.8,0.9,13,0.078,-1.2,1.7,2006,0
"406","CLE","Shannon Brown","Michigan State",9,408,7329,3118,760,458,0.42,0.332,0.807,18,7.6,1.9,1.1,9.2,0.06,-1.5,1,2006,0
"407","MIN","Craig Smith","Boston College",6,403,6826,3080,1567,322,0.553,0.037,0.661,16.9,7.6,3.9,0.8,16,0.113,-1.2,1.4,2006,0
"408","CHA","Ryan Hollins","UCLA",10,518,6134,1913,1140,151,0.584,0,0.649,11.8,3.7,2.2,0.3,10.4,0.081,-4.1,-3.2,2006,0
"409","HOU","Steve Novak","Marquette",11,467,5657,2177,591,132,0.437,0.43,0.877,12.1,4.7,1.3,0.3,14.5,0.123,0.8,4,2006,0
"410","ATL","Shelden Williams","Duke",6,361,5586,1618,1562,163,0.462,0.222,0.74,15.5,4.5,4.3,0.5,9.9,0.085,-3,-1.5,2006,0
"411","IND","Shawne Williams","Memphis",7,314,5368,1769,945,220,0.403,0.339,0.755,17.1,5.6,3,0.7,6.7,0.06,-2.2,-0.3,2006,0
"412","PHO","Sergio Rodríguez","",5,353,5281,1747,525,1183,0.409,0.337,0.739,15,4.9,1.5,3.4,4.3,0.039,-2,0.1,2006,0
"413","CHI","Rodney Carney","Memphis",5,299,4600,1778,588,132,0.422,0.338,0.704,15.4,5.9,2,0.4,6.2,0.064,-1.6,0.5,2006,0
"414","NOK","Hilton Armstrong","UConn",6,292,3378,880,766,102,0.501,0.286,0.582,11.6,3,2.6,0.3,3.9,0.055,-4.1,-1.8,2006,0
"415","DEN","Leon Powe","California",5,239,3320,1484,911,78,0.515,0,0.682,13.9,6.2,3.8,0.3,12,0.174,-1.6,0.3,2006,0
"416","CHA","Adam Morrison","Gonzaga",3,161,3278,1200,342,222,0.373,0.331,0.71,20.4,7.5,2.1,1.4,-1.4,-0.021,-5,-2.4,2006,0
"417","NJN","Marcus Williams","UConn",4,203,3095,1128,361,574,0.386,0.321,0.767,15.2,5.6,1.8,2.8,0,-0.001,-3.3,-1,2006,0
"418","ATL","Solomon Jones","South Florida",8,281,3092,839,654,99,0.467,0.111,0.717,11,3,2.3,0.4,5,0.078,-4,-1.6,2006,0
"419","NYK","Renaldo Balkman","South Carolina",6,221,3064,894,769,132,0.51,0.172,0.542,13.9,4,3.5,0.6,7.2,0.113,0.1,1.6,2006,0
"420","NYK","Mardy Collins","Temple",4,189,2771,742,336,327,0.38,0.299,0.599,14.7,3.9,1.8,1.7,-1.6,-0.027,-4.4,-1.7,2006,0
"421","NOH","Chris Paul","Wake Forest",15,1013,35353,18711,4572,9607,0.47,0.37,0.87,34.9,18.5,4.5,9.5,179.5,0.244,7.6,85.7,2005,10
"422","ATL","Marvin Williams","UNC",15,1066,30041,10941,5511,1369,0.443,0.362,0.808,28.2,10.3,5.2,1.3,64.8,0.104,-0.4,12.2,2005,0
"423","GSW","Monta Ellis","",12,833,29011,14858,2874,3856,0.451,0.314,0.772,34.8,17.8,3.5,4.6,41.9,0.069,-0.3,12.4,2005,0
"424","UTA","Deron Williams","Illinois",12,845,28865,13804,2619,6819,0.445,0.357,0.822,34.2,16.3,3.1,8.1,77.3,0.129,1.9,28.3,2005,3
"425","CHA","Raymond Felton","UNC",14,971,28829,10853,2867,5096,0.412,0.329,0.79,29.7,11.2,3,5.2,40.2,0.067,-0.6,10.1,2005,0
"426","PHI","Lou Williams","",15,996,24775,14424,2244,3438,0.42,0.35,0.84,24.9,14.5,2.3,3.5,63.3,0.123,1.8,23.5,2005,0
"427","NYK","David Lee","Florida",12,829,24293,11232,7320,1825,0.535,0.034,0.772,29.3,13.5,8.8,2.2,76,0.15,1.1,19.2,2005,2
"428","DEN","Jarrett Jack","Georgia Tech",13,867,24140,9349,2487,3952,0.44,0.343,0.855,27.8,10.8,2.9,4.6,36.8,0.073,-0.9,6.5,2005,0
"429","PHO","Marcin Gortat","",12,806,20691,7951,6407,915,0.551,0.15,0.68,25.7,9.9,7.9,1.1,61.3,0.142,0.4,12.7,2005,0
"430","MIL","Andrew Bogut","Utah",14,706,19862,6808,6112,1546,0.535,0.12,0.557,28.1,9.6,8.7,2.2,50.6,0.122,1.2,16,2005,0
"431","NYK","Channing Frye","Arizona",13,890,19772,7786,4002,864,0.44,0.388,0.822,22.2,8.7,4.5,1,38.9,0.094,-0.4,8,2005,0
"432","MIL","Ersan Ilyasova","",12,801,18718,8267,4606,902,0.444,0.366,0.776,23.4,10.3,5.8,1.1,48.2,0.124,-0.1,8.9,2005,0
"433","IND","Danny Granger","New Mexico",10,586,18487,9855,2888,1097,0.434,0.38,0.848,31.5,16.8,4.9,1.9,48.5,0.126,1.8,17.7,2005,1
"434","DET","Amir Johnson","",14,870,18323,6102,4692,1073,0.57,0.332,0.673,21.1,7,5.4,1.2,55.3,0.145,0.3,10.6,2005,0
"435","UTA","C.J. Miles","",15,848,17282,8108,2011,914,0.411,0.358,0.809,20.4,9.6,2.4,1.1,30.1,0.084,-0.4,6.9,2005,0
"436","NOH","Brandon Bass","LSU",12,758,16410,6575,3448,608,0.499,0.207,0.832,21.6,8.7,4.5,0.8,42.8,0.125,-0.8,5.1,2005,0
"437","POR","Martell Webster","",10,580,13914,5056,1811,588,0.418,0.382,0.791,24,8.7,3.1,1,24.7,0.085,-0.8,4.3,2005,0
"438","PHO","Nate Robinson","Washington",11,618,13878,6807,1446,1826,0.423,0.36,0.796,22.5,11,2.3,3,27.8,0.096,0.5,8.6,2005,0
"439","TOR","Charlie Villanueva","UConn",11,656,13578,6808,3019,549,0.435,0.341,0.772,20.7,10.4,4.6,0.8,22.6,0.08,-0.6,4.7,2005,0
"440","BOS","Ryan Gomes","Providence",8,487,13463,4926,2239,712,0.445,0.349,0.799,27.6,10.1,4.6,1.5,19.4,0.069,-1.6,1.4,2005,0
"441","BOS","Gerald Green","",12,658,13026,6412,1639,596,0.417,0.361,0.818,19.8,9.7,2.5,0.9,18.4,0.068,-1.3,2.4,2005,0
"442","WAS","Andray Blatche","",9,564,12462,5706,3024,798,0.467,0.237,0.725,22.1,10.1,5.4,1.4,19.2,0.074,-0.8,3.8,2005,0
"443","SAC","Francisco García","Louisville",10,549,11853,4323,1400,747,0.427,0.357,0.799,21.6,7.9,2.6,1.4,18.2,0.074,-0.1,5.7,2005,0
"444","DET","Jason Maxiell","Cincinnati",10,618,11379,3481,2576,266,0.495,0,0.564,18.4,5.6,4.2,0.4,20.3,0.086,-2.5,-1.4,2005,0
"445","LAL","Andrew Bynum","",8,418,10690,4822,3221,490,0.556,0.111,0.69,25.6,11.5,7.7,1.2,37.4,0.168,1.4,9.1,2005,1
"446","MEM","Hakim Warrick","Syracuse",8,526,10624,4947,2117,400,0.49,0.191,0.726,20.2,9.4,4,0.8,20.4,0.092,-1.9,0.4,2005,0
"447","SAS","Ian Mahinmi","",12,618,10353,3209,2705,357,0.533,0.16,0.612,16.8,5.2,4.4,0.6,26,0.121,-2,0.1,2005,0
"448","POR","Linas Kleiza","Missouri",7,409,8185,3561,1470,321,0.435,0.335,0.763,20,8.7,3.6,0.8,13.6,0.08,-2.3,-0.7,2005,0
"449","LAL","Ronny Turiaf","Gonzaga",10,473,8020,2209,1757,618,0.533,0,0.636,17,4.7,3.7,1.3,19.2,0.115,0.3,4.7,2005,0
"450","HOU","Luther Head","Illinois",6,348,7797,2842,845,747,0.423,0.388,0.773,22.4,8.2,2.4,2.1,14.7,0.09,0.1,4.2,2005,0
"451","PHI","Andre Iguodala","Arizona",16,1122,37293,13517,5684,4849,0.466,0.334,0.709,33.2,12,5.1,4.3,96.8,0.125,2.3,40,2004,1
"452","ORL","Dwight Howard","",16,1106,37177,18582,13641,1577,0.586,0.132,0.565,33.6,16.8,12.3,1.4,133.9,0.173,2.1,38.4,2004,8
"453","NYK","Trevor Ariza","UCLA",16,1064,31650,11215,5130,2297,0.423,0.352,0.732,29.7,10.5,4.8,2.2,62.6,0.095,0.7,21.8,2004,0
"454","PHO","Luol Deng","Duke",15,902,30941,13361,5468,2042,0.456,0.332,0.769,34.3,14.8,6.1,2.3,74,0.115,0.9,22.9,2004,2
"455","ATL","Josh Smith","",13,894,29000,12996,6653,2789,0.452,0.285,0.632,32.4,14.5,7.4,3.1,51,0.084,1.7,27.2,2004,0
"456","BOS","Al Jefferson","",14,915,26299,14343,7690,1347,0.499,0.121,0.711,28.7,15.7,8.4,1.5,71,0.13,1.2,21.3,2004,0
"457","NOH","J.R. Smith","",15,971,26196,12131,3068,2074,0.419,0.373,0.732,27,12.5,3.2,2.1,46.4,0.085,0.2,14.8,2004,0
"458","DEN","Jameer Nelson","Saint Joseph's",14,878,24539,9940,2595,4508,0.436,0.368,0.81,27.9,11.3,3,5.1,48.3,0.094,-0.1,11.6,2004,1
"459","WAS","Devin Harris","Wisconsin",15,985,23963,10597,2151,3869,0.432,0.325,0.796,24.3,10.8,2.2,3.9,54.9,0.11,0.6,15.5,2004,1
"460","SAC","Kevin Martin","Western Carolina University",12,714,21559,12396,2278,1352,0.437,0.384,0.87,30.2,17.4,3.2,1.9,61.3,0.137,1,16.1,2004,0
"461","CHI","Ben Gordon","UConn",11,744,20366,11084,1851,1868,0.432,0.401,0.857,27.4,14.9,2.5,2.5,33.3,0.078,-0.3,8.7,2004,0
"462","CHA","Emeka Okafor","UConn",10,616,19055,7370,5967,520,0.512,0,0.586,30.9,12,9.7,0.8,45.3,0.114,-0.6,6.8,2004,0
"463","SAS","Beno Udrih","",13,831,18185,6952,1712,2858,0.463,0.349,0.833,21.9,8.4,2.1,3.4,31.4,0.083,-0.9,4.9,2004,0
"464","BOS","Tony Allen","Oklahoma State",14,820,18055,6654,2884,1077,0.475,0.282,0.709,22,8.1,3.5,1.3,38.7,0.103,0.3,10.4,2004,0
"465","LAC","Shaun Livingston","",14,833,17188,5231,1989,2483,0.486,0.178,0.794,20.6,6.3,2.4,3,29.9,0.084,-1,4.3,2004,0
"466","CHI","Chris Duhon","Duke",9,606,15526,3946,1364,2690,0.393,0.363,0.784,25.6,6.5,2.3,4.4,25,0.077,-1.2,3.2,2004,0
"467","ORL","Anderson Varejão","",13,627,15051,4561,4511,734,0.51,0.024,0.631,24,7.3,7.2,1.2,46.4,0.148,0.3,8.9,2004,0
"468","UTA","Kris Humphries","Minnesota",13,800,14232,5350,4314,556,0.463,0.293,0.7,17.8,6.7,5.4,0.7,30.3,0.102,-1.7,1.2,2004,0
"469","MIA","Dorell Wright","",11,549,12280,4597,2093,850,0.424,0.365,0.806,22.4,8.4,3.8,1.5,25.9,0.101,0.9,9.1,2004,0
"470","POR","Sebastian Telfair","",10,564,12149,4183,898,1960,0.39,0.319,0.777,21.5,7.4,1.6,3.5,5,0.02,-3.4,-4.2,2004,0
"471","BOS","Delonte West","Saint Joseph's",8,432,11842,4198,1265,1540,0.448,0.372,0.826,27.4,9.7,2.9,3.6,24.5,0.099,0.9,8.7,2004,0
"472","GSW","Andris Biedrinš","",10,516,11146,3247,3631,467,0.594,0,0.5,21.6,6.3,7,0.9,30.7,0.132,-0.4,4.6,2004,0
"473","ATL","Josh Childress","Stanford",8,391,10432,3548,1850,609,0.522,0.329,0.779,26.7,9.1,4.7,1.6,25.7,0.118,0.8,7.4,2004,0
"474","LAL","Sasha Vujacic","",10,581,8908,3094,1093,748,0.39,0.367,0.858,15.3,5.3,1.9,1.3,16,0.086,-1,2.3,2004,0
"475","ATL","Royal Ivey","Texas",10,492,6162,1641,557,501,0.406,0.361,0.706,12.5,3.3,1.1,1,4.5,0.035,-3.8,-2.7,2004,0
"476","UTA","Kirk Snyder","Nevada",4,211,3540,1333,491,241,0.438,0.327,0.699,16.8,6.3,2.3,1.1,4.5,0.061,-1.2,0.7,2004,0
"477","NJN","Viktor Khryapa","",4,143,2351,643,492,142,0.443,0.292,0.658,16.4,4.5,3.4,1,2,0.041,-3.5,-0.9,2004,0
"478","CHA","Bernard Robinson","Michigan",3,128,1909,576,315,126,0.417,0.161,0.786,14.9,4.5,2.5,1,2,0.049,-2.1,0,2004,0
"479","TOR","Rafael Araújo","BYU",3,139,1585,389,395,41,0.405,0.25,0.679,11.4,2.8,2.8,0.3,-0.4,-0.013,-7.2,-2.1,2004,0
"480","SEA","Robert Swift","",4,97,1500,416,376,20,0.506,0,0.61,15.5,4.3,3.9,0.2,1.7,0.054,-3.8,-0.7,2004,0
"481","CLE","LeBron James","",17,1258,48329,34087,9353,9298,0.504,0.344,0.735,38.4,27.1,7.4,7.4,236.1,0.235,8.9,133.2,2003,16
"482","DEN","Carmelo Anthony","Syracuse",17,1114,39752,26314,7251,3244,0.448,0.348,0.812,35.7,23.6,6.5,2.9,102,0.123,1.6,35.7,2003,10
"483","MIA","Dwyane Wade","Marquette",16,1054,35773,23165,4933,5701,0.48,0.293,0.765,33.9,22,4.7,5.4,120.7,0.162,5,62.8,2003,12
"484","TOR","Chris Bosh","Georgia Tech",13,893,31936,17189,7592,1795,0.494,0.335,0.799,35.8,19.2,8.5,2,106,0.159,1.9,31.1,2003,11
"485","NJN","Kyle Korver","Creighton",17,1224,31056,11903,3625,2107,0.442,0.429,0.876,25.4,9.7,3,1.7,73.1,0.113,0.6,20.6,2003,1
"486","NOH","David West","Xavier",15,1034,29144,14034,6590,2273,0.495,0.265,0.817,28.2,13.6,6.4,2.2,85.9,0.141,1.7,27.6,2003,2
"487","ATL","Boris Diaw","",14,1064,28768,9139,4634,3684,0.493,0.336,0.717,27,8.6,4.4,3.5,51.6,0.086,0.1,15.5,2003,0
"488","CHI","Kirk Hinrich","Kansas",13,879,27015,9594,2576,4245,0.411,0.375,0.8,30.7,10.9,2.9,4.8,52.5,0.093,0,13.3,2003,0
"489","UTA","Mo Williams","Alabama",13,818,23872,10759,2264,3990,0.434,0.378,0.871,29.2,13.2,2.8,4.9,40,0.08,-0.3,10,2003,1
"490","ORL","Zaza Pachulia","",16,1098,22240,7414,6315,1433,0.469,0,0.751,20.3,6.8,5.8,1.3,52.7,0.114,-1.5,2.9,2003,0
"491","SEA","Luke Ridnour","Oregon",12,830,21623,7740,1877,3713,0.431,0.349,0.862,26.1,9.3,2.3,4.5,36,0.08,-0.6,7.5,2003,0
"492","WAS","Steve Blake","Maryland",13,870,20823,5662,1816,3446,0.401,0.383,0.779,23.9,6.5,2.1,4,29.1,0.067,-1.2,4.2,2003,0
"493","LAC","Chris Kaman","Central Michigan University",13,735,19642,8208,5582,921,0.489,0.042,0.743,26.7,11.2,7.6,1.3,24.6,0.06,-1.9,0.4,2003,1
"494","SEA","Nick Collison","Kansas",14,910,18603,5359,4701,939,0.534,0.208,0.723,20.4,5.9,5.2,1,44.5,0.115,-1.3,3.1,2003,0
"495","SAS","Leandro Barbosa","",14,850,18386,9035,1720,1775,0.459,0.387,0.821,21.6,10.6,2,2.1,37.4,0.098,-0.2,8.6,2003,0
"496","MEM","Kendrick Perkins","",14,782,17162,4214,4532,813,0.53,0,0.594,21.9,5.4,5.8,1,27.9,0.078,-1.9,0.6,2003,0
"497","DAL","Josh Howard","Wake Forest",10,507,15350,7270,2886,817,0.448,0.332,0.77,30.3,14.3,5.7,1.6,38,0.119,0.6,10,2003,1
"498","SEA","Willie Green","Detroit Mercy",12,731,14783,6059,1303,1018,0.425,0.346,0.765,20.2,8.3,1.8,1.4,12.9,0.042,-2.7,-2.7,2003,0
"499","MIL","Keith Bogans","Kentucky",11,671,14527,4257,1817,866,0.394,0.353,0.716,21.6,6.3,2.7,1.3,20.4,0.068,-1.5,1.9,2003,0
"500","CHI","Matt Bonner","Florida",12,792,13356,4632,2371,552,0.464,0.414,0.78,16.9,5.8,3,0.7,38.5,0.138,1,10.1,2003,0
"501","POR","Travis Outlaw","",11,622,13026,5273,1974,514,0.423,0.337,0.744,20.9,8.5,3.2,0.8,16.5,0.061,-1.4,2.1,2003,0
"502","GSW","Mickaël Piétrus","",10,557,11950,4629,1723,445,0.425,0.355,0.665,21.5,8.3,3.1,0.8,19.7,0.079,-0.9,3.2,2003,0
"503","MIL","T.J. Ford","Texas",8,429,11882,4797,1331,2495,0.433,0.289,0.815,27.7,11.2,3.1,5.8,16.9,0.068,-0.4,4.6,2003,0
"504","DET","Carlos Delfino","",8,507,11580,4115,1815,887,0.401,0.365,0.758,22.8,8.1,3.6,1.7,22.5,0.093,0.5,7.2,2003,0
"505","IND","James Jones","Miami (FL)",14,709,11098,3717,1276,366,0.401,0.401,0.84,15.7,5.2,1.8,0.5,25.2,0.109,-0.1,5.4,2003,0
"506","WAS","Jarvis Hayes","Georgia",7,427,9898,3553,1330,459,0.415,0.356,0.798,23.2,8.3,3.1,1.1,10.2,0.049,-2.5,-1.3,2003,0
"507","BOS","Dahntay Jones","Duke",13,624,9799,3353,1082,529,0.439,0.329,0.751,15.7,5.4,1.7,0.8,9.9,0.048,-3.7,-4.1,2003,0
"508","LAL","Luke Walton","Arizona",10,564,9685,2649,1588,1317,0.429,0.326,0.715,17.2,4.7,2.8,2.3,13.5,0.067,-1,2.5,2003,0
"509","CLE","Jason Kapono","UCLA",9,509,9068,3398,844,417,0.442,0.434,0.835,17.8,6.7,1.7,0.8,10.3,0.055,-2.6,-1.3,2003,0
"510","UTA","Sasha Pavlovic","",10,567,8888,2787,1000,517,0.404,0.346,0.673,15.7,4.9,1.8,0.9,7,0.038,-3.4,-3.1,2003,0
"511","DET","Tayshaun Prince","Kentucky",14,1017,31576,11272,4332,2406,0.455,0.367,0.756,31,11.1,4.3,2.4,63.1,0.096,0.3,18,2002,0
"512","MIA","Caron Butler","UConn",14,881,28333,12430,4387,2007,0.434,0.348,0.847,32.2,14.1,5,2.3,50.9,0.086,-0.2,12.6,2002,2
"513","GSW","Mike Dunleavy","Duke",15,986,27340,11048,4211,2185,0.441,0.377,0.803,27.7,11.2,4.3,2.2,58.5,0.103,0.3,15.7,2002,0
"514","CLE","Carlos Boozer","Duke",13,861,26901,13976,8192,1928,0.521,0.071,0.722,31.2,16.2,9.5,2.2,80.3,0.143,1.4,23.1,2002,2
"515","PHO","Amar'e Stoudemire","",14,846,26254,15994,6632,1050,0.537,0.236,0.761,31,18.9,7.8,1.2,92.5,0.169,1.3,22,2002,6
"516","NYK","Nenê Hilário","",17,965,25237,10909,5828,1719,0.548,0.132,0.66,26.2,11.3,6,1.8,73.3,0.139,1,18.8,2002,0
"517","SAS","John Salmons","Miami (FL)",13,895,23672,8292,2603,2183,0.431,0.366,0.799,26.4,9.3,2.9,2.4,33.9,0.069,-0.9,6.7,2002,0
"518","MEM","Matt Barnes","UCLA",14,929,21967,7589,4281,1691,0.436,0.335,0.745,23.6,8.2,4.6,1.8,42.8,0.093,-0.1,10.7,2002,0
"519","MEM","Drew Gooden","Kansas",14,790,20127,8653,5618,896,0.462,0.257,0.76,25.5,11,7.1,1.1,43.9,0.105,-1.2,4.3,2002,0
"520","SAS","Luis Scola","",10,743,19001,8882,4941,1194,0.493,0.339,0.74,25.6,12,6.7,1.6,45.7,0.115,-0.7,6.4,2002,0
"521","MIA","Rasual Butler","La Salle",13,809,17219,6092,1934,658,0.403,0.362,0.747,21.3,7.5,2.4,0.8,20.8,0.058,-1.4,2.6,2002,0
"522","HOU","Yao Ming","",8,486,15818,9247,4494,769,0.524,0.2,0.833,32.5,19,9.2,1.6,65.9,0.2,3.2,20.7,2002,8
"523","WAS","Jared Jeffries","Indiana",11,629,13579,3003,2563,798,0.426,0.25,0.583,21.6,4.8,4.1,1.3,13.1,0.046,-2.4,-1.5,2002,0
"524","LAC","Chris Wilcox","Maryland",11,628,12474,5150,3076,455,0.541,0,0.643,19.9,8.2,4.9,0.7,26.9,0.103,-1.6,1.2,2002,0
"525","MIL","Ronald Murray","Shaw",8,487,11077,4817,1006,1096,0.414,0.304,0.725,22.7,9.9,2.1,2.3,8.5,0.037,-2.2,-0.5,2002,0
"526","NJN","Nenad Krstic","",7,419,10547,4210,2261,346,0.494,0.143,0.73,25.2,10,5.4,0.8,21.5,0.098,-2.6,-1.5,2002,0
"527","IND","Fred Jones","Oregon",7,430,10299,3206,958,990,0.411,0.353,0.809,24,7.5,2.2,2.3,16.5,0.077,-1,2.6,2002,0
"528","BOS","Darius Songaila","Wake Forest",8,495,9229,3415,1689,589,0.499,0.158,0.844,18.6,6.9,3.4,1.2,15.9,0.083,-2.1,-0.2,2002,0
"529","CHI","Roger Mason","Virginia",10,518,9147,3289,897,677,0.408,0.383,0.866,17.7,6.3,1.7,1.3,13,0.068,-1.4,1.4,2002,0
"530","WAS","Juan Dixon","Maryland",7,436,8509,3678,816,775,0.413,0.341,0.833,19.5,8.4,1.9,1.8,6.1,0.034,-2.1,-0.3,2002,0
"531","MIL","Dan Gadzuric","UCLA",10,527,7793,2465,2326,196,0.5,0,0.498,14.8,4.7,4.4,0.4,15.8,0.097,-2.3,-0.7,2002,0
"532","LAC","Melvin Ely","Fresno State",9,375,6005,1992,1215,261,0.46,0,0.625,16,5.3,3.2,0.7,4,0.032,-4,-3.1,2002,0
"533","TOR","Kareem Rush","Missouri",7,346,5956,2213,572,353,0.4,0.358,0.703,17.2,6.4,1.7,1,1.7,0.013,-3.2,-1.8,2002,0
"534","HOU","Boštjan Nachbar","",6,317,5628,2252,836,283,0.406,0.375,0.784,17.8,7.1,2.6,0.9,8.7,0.074,-1.6,0.6,2002,0
"535","PHO","Casey Jacobsen","Stanford",4,287,5320,1488,516,304,0.393,0.352,0.769,18.5,5.2,1.8,1.1,6.2,0.056,-2.2,-0.3,2002,0
"536","SAC","Dan Dickau","Gonzaga",6,300,4617,1745,405,752,0.401,0.341,0.831,15.4,5.8,1.4,2.5,5.9,0.061,-1.5,0.6,2002,0
"537","PHI","Jirí Welsch","",4,247,4596,1519,602,375,0.403,0.343,0.752,18.6,6.1,2.4,1.5,5.7,0.059,-1.9,0.1,2002,0
"538","CLE","Dajuan Wagner","Memphis",4,103,2202,964,142,195,0.366,0.321,0.77,21.4,9.4,1.4,1.9,0,0,-4.9,-1.6,2002,0
"539","WAS","Juan Carlos Navarro","",1,82,2117,896,210,177,0.402,0.361,0.849,25.8,10.9,2.6,2.2,1.4,0.031,-2.3,-0.2,2002,0
"540","POR","Qyntel Woods","Northeast Mississippi Community College",4,167,2060,691,385,105,0.452,0.357,0.603,12.3,4.1,2.3,0.6,1.4,0.032,-2.7,-0.4,2002,0
"541","BOS","Joe Johnson","Arkansas",17,1276,44234,20405,5059,5001,0.441,0.371,0.802,34.7,16,4,3.9,82.8,0.09,0.4,26.4,2001,7
"542","ATL","Pau Gasol","",18,1226,41001,20894,11305,3925,0.507,0.368,0.753,33.4,17,9.2,3.2,144.1,0.169,3.6,57.5,2001,6
"543","SAS","Tony Parker","",18,1254,38279,19473,3396,7036,0.491,0.324,0.751,30.5,15.5,2.7,5.6,111.3,0.14,1.1,30.1,2001,6
"544","POR","Zach Randolph","Michigan State",17,1116,34616,18578,10208,2049,0.471,0.273,0.764,31,16.6,9.1,1.8,81.1,0.112,0.2,18.8,2001,2
"545","HOU","Richard Jefferson","Arizona",17,1181,34293,14904,4720,2412,0.464,0.376,0.768,29,12.6,4,2,83,0.116,0.2,19.4,2001,0
"546","LAC","Tyson Chandler","",19,1160,31617,9509,10467,967,0.597,0,0.644,27.3,8.2,9,0.8,102.1,0.155,0.1,16.9,2001,1
"547","MEM","Shane Battier","Duke",13,977,30004,8408,4082,1717,0.437,0.384,0.743,30.7,8.6,4.2,1.8,75.7,0.121,1.7,28.2,2001,0
"548","GSW","Jason Richardson","Michigan State",13,857,29241,14644,4245,2284,0.438,0.37,0.707,34.1,17.1,5,2.7,59.1,0.097,1.2,23.8,2001,0
"549","SAC","Gerald Wallace","Alabama",14,832,24731,9933,4838,1725,0.469,0.312,0.709,29.7,11.9,5.8,2.1,59.7,0.116,1.8,23.5,2001,1
"550","PHI","Samuel Dalembert","Seton Hall",13,886,21646,6814,6942,465,0.521,0.083,0.706,24.4,7.7,7.8,0.5,51.3,0.114,-1.1,4.6,2001,0
"551","GSW","Troy Murphy","Notre Dame",12,729,19921,7860,5708,1088,0.445,0.388,0.785,27.3,10.8,7.8,1.5,50.3,0.121,0.1,10.6,2001,0
"552","SEA","Earl Watson","UCLA",13,878,19494,5593,1985,3871,0.411,0.324,0.703,22.2,6.4,2.3,4.4,19.2,0.047,-1.4,2.8,2001,0
"553","GSW","Gilbert Arenas","Arizona",11,552,19351,11402,2168,2909,0.421,0.351,0.803,35.1,20.7,3.9,5.3,51.3,0.127,2.6,22.3,2001,3
"554","CLE","Brendan Haywood","UNC",13,816,18680,5538,4875,442,0.528,0,0.587,22.9,6.8,6,0.5,43.8,0.113,-1.4,2.9,2001,0
"555","DET","Mehmet Okur","",10,634,18429,8561,4436,1089,0.458,0.375,0.797,29.1,13.5,7,1.7,54.7,0.142,1.1,14.5,2001,1
"556","CHI","Trenton Hassell","Austin Peay State University",9,644,16278,3741,1826,1132,0.445,0.318,0.765,25.3,5.8,2.8,1.8,13.8,0.041,-2.9,-3.7,2001,0
"557","SEA","Vladimir Radmanovic","",12,737,16164,5879,2784,998,0.415,0.378,0.758,21.9,8,3.8,1.4,26.5,0.079,-0.1,7.6,2001,0
"558","HOU","Jason Collins","Stanford",13,735,14974,2621,2706,626,0.411,0.206,0.647,20.4,3.6,3.7,0.9,20.1,0.064,-3.7,-6.6,2001,0
"559","MEM","Jamaal Tinsley","Iowa State",11,547,14443,4652,1605,3330,0.393,0.299,0.716,26.4,8.5,2.9,6.1,17.2,0.057,0,7.1,2001,0
"560","WAS","Kwame Brown","",12,607,13389,4035,3333,554,0.492,0.111,0.57,22.1,6.6,5.5,0.9,20.8,0.074,-2.4,-1.3,2001,0
"561","CHI","Eddy Curry","",11,527,13109,6820,2725,287,0.545,1,0.642,24.9,12.9,5.2,0.5,21.7,0.08,-2.4,-1.3,2001,0
"562","SEA","Bobby Simmons","DePaul",10,466,11513,4189,1791,710,0.437,0.396,0.823,24.7,9,3.8,1.5,20.1,0.084,-0.7,3.6,2001,0
"563","UTA","Jarron Collins","Stanford",10,542,8542,2095,1579,419,0.455,0,0.699,15.8,3.9,2.9,0.8,15.7,0.088,-3.1,-2.5,2001,0
"564","CLE","DeSagana Diop","",12,601,8403,1185,2219,270,0.427,0.167,0.467,14,2,3.7,0.4,12.8,0.073,-1.9,0.2,2001,0
"565","NJN","Brian Scalabrine","USC",11,520,6772,1594,1034,436,0.39,0.344,0.783,13,3.1,2,0.8,7.6,0.054,-2.7,-1.2,2001,0
"566","NJN","Eddie Griffin","Seton Hall",5,303,6729,2171,1744,236,0.377,0.315,0.671,22.2,7.2,5.8,0.8,10.9,0.078,-0.4,2.8,2001,0
"567","ORL","Steven Hunter","DePaul",8,400,5993,1817,1264,79,0.56,0,0.485,15,4.5,3.2,0.2,10.6,0.085,-2.3,-0.5,2001,0
"568","DET","Rodney White","UNC Charlotte",4,218,3354,1540,485,237,0.424,0.314,0.749,15.4,7.1,2.2,1.1,1.8,0.026,-2.2,-0.2,2001,0
"569","MIN","Loren Woods","Arizona",6,215,2428,555,682,74,0.419,0.143,0.642,11.3,2.6,3.2,0.3,3.1,0.062,-2.5,-0.3,2001,0
"570","UTA","Raül López","",2,113,2135,733,194,428,0.429,0.346,0.853,18.9,6.5,1.7,3.8,2.1,0.047,-2.4,-0.2,2001,0
"571","CLE","Jamal Crawford","Michigan",19,1326,38988,19414,2948,4538,0.41,0.348,0.862,29.4,14.6,2.2,3.4,60.6,0.075,-0.1,18.4,2000,0
"572","ORL","Mike Miller","Florida",17,1032,27812,10973,4376,2666,0.459,0.407,0.769,26.9,10.6,4.2,2.6,60.7,0.105,0.8,19.8,2000,0
"573","SAC","Hedo Türkoglu","",15,997,26695,11022,3971,2832,0.426,0.384,0.784,26.8,11.1,4,2.8,63.3,0.114,0.9,19.6,2000,0
"574","NJN","Kenyon Martin","Cincinnati",15,757,23134,9325,5159,1439,0.483,0.234,0.629,30.6,12.3,6.8,1.9,48,0.1,0.1,12.1,2000,1
"575","LAC","Quentin Richardson","DePaul",13,783,20785,8032,3666,1138,0.397,0.355,0.718,26.5,10.3,4.7,1.5,32.8,0.076,-0.4,8.5,2000,0
"576","MIL","Michael Redd","Ohio State",12,629,20104,11972,2411,1338,0.447,0.38,0.838,32,19,3.8,2.1,55.9,0.134,2.2,21.4,2000,1
"577","SEA","Desmond Mason","Oklahoma State",10,643,19641,7767,2863,1049,0.449,0.26,0.74,30.5,12.1,4.5,1.6,23.1,0.056,-2.4,-2.1,2000,0
"578","TOR","Morris Peterson","Michigan State",11,711,19366,7628,2483,1090,0.418,0.373,0.773,27.2,10.7,3.5,1.5,35.7,0.089,-0.4,7.6,2000,0
"579","UTA","DeShawn Stevenson","",13,824,18396,5930,1832,1355,0.406,0.34,0.698,22.3,7.2,2.2,1.6,12.1,0.032,-2.7,-3.5,2000,0
"580","CHH","Jamaal Magloire","Kentucky",12,680,14621,4917,4408,386,0.48,0,0.639,21.5,7.2,6.5,0.6,27.7,0.091,-2.9,-3.1,2000,1
"581","ORL","Keyon Dooling","Missouri",13,728,14134,5067,964,1601,0.416,0.349,0.799,19.4,7,1.3,2.2,18.5,0.063,-2,-0.2,2000,0
"582","MIA","Eddie House","Arizona State",11,717,12405,5356,1223,1112,0.409,0.39,0.851,17.3,7.5,1.7,1.6,20,0.077,0,6.1,2000,0
"583","HOU","Joel Przybilla","Minnesota",13,592,11733,2293,3665,256,0.552,0,0.557,19.8,3.9,6.2,0.4,23,0.094,-1.7,0.8,2000,0
"584","LAC","Darius Miles","",7,446,11730,4507,2190,840,0.472,0.168,0.59,26.3,10.1,4.9,1.9,9.5,0.039,-1,3,2000,0
"585","LAC","Marko Jaric","",7,447,11246,3193,1200,1600,0.404,0.344,0.73,25.2,7.1,2.7,3.6,12.1,0.052,-0.7,3.8,2000,0
"586","HOU","Eduardo Nájera","Oklahoma",12,619,11213,3052,2307,493,0.481,0.311,0.671,18.1,4.9,3.7,0.8,24.7,0.106,-0.9,3,2000,0
"587","VAN","Stromile Swift","LSU",9,547,10804,4582,2535,275,0.473,0.074,0.699,19.8,8.4,4.6,0.5,21.3,0.095,-1.6,1.1,2000,0
"588","CHI","Chris Mihm","Texas",8,436,8758,3262,2302,223,0.459,0.231,0.704,20.1,7.5,5.3,0.5,13.3,0.073,-3.9,-4.3,2000,0
"589","PHI","Speedy Claxton","Hofstra",7,334,8548,3096,830,1441,0.409,0.193,0.762,25.6,9.3,2.5,4.3,14.2,0.08,-0.3,3.6,2000,0
"590","DAL","Etan Thomas","Syracuse",9,409,7084,2341,1927,149,0.513,0,0.603,17.3,5.7,4.7,0.4,14.9,0.101,-2.1,-0.2,2000,0
"591","DET","Brian Cardinal","Purdue",12,456,6477,2108,1050,465,0.408,0.372,0.861,14.2,4.6,2.3,1,15.4,0.114,-0.1,3.2,2000,0
"592","CHI","Jake Voskuhl","UConn",9,450,6443,1814,1539,237,0.487,0.333,0.714,14.3,4,3.4,0.5,11.6,0.087,-3.8,-3,2000,0
"593","IND","Primož Brezec","",8,342,6192,2452,1327,179,0.498,0.167,0.701,18.1,7.2,3.9,0.5,10.8,0.084,-3.1,-1.7,2000,0
"594","CHI","Marcus Fizer","Iowa State",6,289,6032,2782,1340,352,0.435,0.191,0.691,20.9,9.6,4.6,1.2,2.7,0.022,-3.7,-2.6,2000,0
"595","ATL","DerMarr Johnson","Cincinnati",7,344,5930,2121,769,304,0.411,0.336,0.789,17.2,6.2,2.2,0.9,6.4,0.052,-1.6,0.6,2000,0
"596","LAL","Mark Madsen","Stanford",9,453,5335,975,1157,181,0.457,0.063,0.527,11.8,2.2,2.6,0.4,8.2,0.074,-4.1,-2.9,2000,0
"597","MIL","Jason Hart","Syracuse",9,341,5289,1623,567,774,0.417,0.315,0.788,15.5,4.8,1.7,2.3,8.6,0.078,-1.2,1,2000,0
"598","PHO","Jake Tsakalidis","",7,315,5005,1497,1238,101,0.49,0,0.657,15.9,4.8,3.9,0.3,9.9,0.095,-3,-1.3,2000,0
"599","ORL","Courtney Alexander","Fresno State",3,187,4067,1690,409,227,0.422,0.339,0.813,21.7,9,2.2,1.2,4.1,0.048,-3.7,-1.7,2000,0
"600","NYK","Donnell Harvey","Florida",5,205,3318,1150,827,161,0.46,0.1,0.659,16.2,5.6,4,0.8,4.7,0.069,-2.6,-0.5,2000,0
"601","ATL","Jason Terry","Arizona",19,1410,42034,18881,3274,5415,0.444,0.38,0.845,29.8,13.4,2.3,3.8,102,0.116,1.5,37.4,1999,0
"602","CLE","Andre Miller","Utah",17,1304,40268,16278,4795,8524,0.461,0.217,0.807,30.9,12.5,3.7,6.5,100.8,0.12,1.3,33.3,1999,0
"603","PHO","Shawn Marion","UNLV",16,1163,40097,17700,10101,2198,0.484,0.331,0.81,34.5,15.2,8.7,1.9,124.9,0.15,2.7,47.6,1999,4
"604","CHI","Elton Brand","Duke",17,1058,34910,16827,9040,2184,0.5,0.095,0.736,33,15.9,8.5,2.1,109.6,0.151,2.2,37.3,1999,2
"605","LAC","Lamar Odom","Rhode Island",14,961,32131,12781,8059,3554,0.463,0.312,0.693,33.4,13.3,8.4,3.7,77,0.115,1.9,31.4,1999,0
"606","CHI","Metta World Peace","St. John's",17,991,31440,13058,4448,2631,0.414,0.339,0.715,31.7,13.2,4.5,2.7,61.1,0.093,1.2,25.4,1999,1
"607","WAS","Richard Hamilton","UConn",14,921,29559,15708,2852,3125,0.449,0.346,0.852,32.1,17.1,3.1,3.4,62.8,0.102,-0.2,13.2,1999,3
"608","CHH","Baron Davis","UCLA",13,835,28592,13447,3183,6025,0.409,0.32,0.711,34.2,16.1,3.8,7.2,63.1,0.106,2.6,33.1,1999,2
"609","SAS","Manu Ginobili","",16,1057,26859,14043,3697,4001,0.447,0.369,0.827,25.4,13.3,3.5,3.8,106.4,0.19,5,47.6,1999,2
"610","UTA","Andrei Kirilenko","",13,797,23916,9431,4352,2169,0.474,0.31,0.754,30,11.8,5.5,2.7,75.4,0.151,4.9,41.7,1999,1
"611","SEA","Corey Maggette","Duke",14,827,23358,13198,4022,1696,0.453,0.324,0.822,28.2,16,4.9,2.1,62.2,0.128,0.3,13.3,1999,0
"612","DEN","James Posey","Xavier",12,864,23260,7419,4061,1413,0.41,0.349,0.82,26.9,8.6,4.7,1.6,51.6,0.107,0.3,13.7,1999,0
"613","VAN","Steve Francis","Maryland",9,576,21632,10446,3215,3473,0.429,0.341,0.797,37.6,18.1,5.6,6,54.1,0.12,2.2,22.7,1999,3
"614","MIN","Wally Szczerbiak","Miami University",10,651,20052,9195,2602,1532,0.485,0.406,0.86,30.8,14.1,4,2.4,53.3,0.127,0.7,13.6,1999,1
"615","HOU","Kenny Thomas","New Mexico",11,632,17306,5876,4341,975,0.465,0.244,0.699,27.4,9.3,6.9,1.5,31.2,0.086,-1.3,3.1,1999,0
"616","GSW","Jeff Foster","Texas State University",13,764,15750,3747,5248,703,0.497,0.13,0.615,20.6,4.9,6.9,0.9,47.5,0.145,-0.4,6.3,1999,0
"617","LAL","Devean George","Augsburg College",11,630,11682,3536,1975,543,0.392,0.343,0.721,18.5,5.6,3.1,0.9,18.2,0.075,-1.5,1.4,1999,0
"618","ATL","Jumaine Jones","Georgia",8,471,9780,3325,1987,408,0.424,0.349,0.704,20.8,7.1,4.2,0.9,15.1,0.074,-1.2,2.1,1999,0
"619","DAL","Gordan Giricek","",6,384,8824,3670,941,584,0.442,0.368,0.823,23,9.6,2.5,1.5,8,0.044,-2.5,-1.1,1999,0
"620","DEN","Francisco Elson","California",9,472,7207,1726,1638,260,0.478,0.188,0.7,15.3,3.7,3.5,0.6,11.7,0.078,-2.7,-1.3,1999,0
"621","ATL","Dion Glover","Georgia Tech",6,294,6132,2407,897,455,0.411,0.317,0.756,20.9,8.2,3.1,1.5,5.8,0.045,-1.8,0.3,1999,0
"622","CHI","Michael Ruffin","Tulsa",9,414,5966,716,1632,250,0.407,0,0.459,14.4,1.7,3.9,0.6,6.8,0.055,-3.3,-2,1999,0
"623","CHH","Lee Nailon","TCU",6,306,5820,2622,936,298,0.474,0.111,0.786,19,8.6,3.1,1,8,0.066,-2,0,1999,0
"624","UTA","Scott Padgett","Kentucky",8,448,5613,1874,1227,325,0.41,0.373,0.736,12.5,4.2,2.7,0.7,13.2,0.113,-0.4,2.3,1999,0
"625","WAS","Calvin Booth","Penn State",10,366,4477,1190,1010,151,0.451,0.222,0.748,12.2,3.3,2.8,0.4,8,0.086,-1.8,0.3,1999,0
"626","MIA","Rodney Buford","Creighton",5,230,4182,1472,598,179,0.412,0.3,0.758,18.2,6.4,2.6,0.8,2.9,0.033,-3.8,-1.9,1999,0
"627","TOR","Jonathan Bender","",8,262,3847,1453,582,170,0.417,0.34,0.763,14.7,5.5,2.2,0.6,3.8,0.047,-2.6,-0.6,1999,0
"628","IND","Vonteego Cummings","Pitt",3,199,3789,1381,373,534,0.383,0.321,0.726,19,6.9,1.9,2.7,2.2,0.028,-2.4,-0.3,1999,0
"629","UTA","Quincy Lewis","Minnesota",4,159,1853,567,210,96,0.397,0.333,0.71,11.7,3.6,1.3,0.6,0.8,0.02,-4.9,-1.4,1999,0
"630","CLE","Trajan Langdon","Duke",3,119,1738,647,159,152,0.416,0.396,0.91,14.6,5.4,1.3,1.3,2.9,0.079,-1.1,0.4,1999,0
"631","MIL","Dirk Nowitzki","",21,1522,51368,31560,11489,3651,0.471,0.38,0.879,33.8,20.7,7.5,2.4,206.3,0.193,4.5,84.8,1998,13
"632","GSW","Vince Carter","UNC",22,1541,46367,25728,6606,4714,0.435,0.371,0.798,30.1,16.7,4.3,3.1,125.3,0.13,3,57.9,1998,8
"633","BOS","Paul Pierce","Kansas",19,1343,45880,26397,7527,4708,0.445,0.368,0.806,34.2,19.7,5.6,3.5,150,0.157,3.7,65.5,1998,10
"634","TOR","Antawn Jamison","UNC",16,1083,37638,20042,8157,1761,0.451,0.346,0.724,34.8,18.5,7.5,1.6,87.8,0.112,0.6,24.5,1998,2
"635","VAN","Mike Bibby","Arizona",14,1001,33962,14698,3103,5517,0.436,0.379,0.802,33.9,14.7,3.1,5.5,73.2,0.104,0.8,23.8,1998,0
"636","SEA","Rashard Lewis","",16,1049,33541,15579,5433,1765,0.452,0.386,0.805,32,14.9,5.2,1.7,90.9,0.13,1.9,33.1,1998,2
"637","IND","Al Harrington","",16,981,28009,13237,5482,1649,0.444,0.352,0.727,28.6,13.5,5.6,1.7,42.5,0.073,-1.5,3.7,1998,0
"638","HOU","Cuttino Mobley","Rhode Island",11,747,27618,11964,2902,2015,0.433,0.378,0.835,37,16,3.9,2.7,52.2,0.091,-0.1,12.9,1998,0
"639","SAC","Jason Williams","Florida",12,788,23188,8266,1810,4611,0.398,0.327,0.813,29.4,10.5,2.3,5.9,38.5,0.08,0.2,12.9,1998,0
"640","PHI","Larry Hughes","Saint Louis",13,727,22368,10242,3039,2290,0.406,0.309,0.757,30.8,14.1,4.2,3.1,32.3,0.069,-0.1,10.7,1998,0
"641","CHH","Ricky Davis","Iowa",12,736,21927,9912,2550,2426,0.446,0.361,0.781,29.8,13.5,3.5,3.3,28,0.061,-0.8,6.3,1998,0
"642","MIL","Rafer Alston","Fresno State",11,671,19392,6799,1891,3202,0.383,0.354,0.729,28.9,10.1,2.8,4.8,32.9,0.081,0,9.6,1998,0
"643","MIN","Rasho Nesterovic","",12,811,17983,5519,4143,836,0.502,0.077,0.585,22.2,6.8,5.1,1,39.9,0.107,-0.9,5,1998,0
"644","ORL","Matt Harpring","Georgia Tech",11,665,17584,7645,3366,907,0.481,0.333,0.753,26.4,11.5,5.1,1.4,41.9,0.114,-0.6,6.2,1998,0
"645","LAL","Ruben Patterson","Cincinnati",10,649,15955,6953,2697,1150,0.517,0.179,0.641,24.6,10.7,4.2,1.8,35.1,0.106,0.7,10.8,1998,0
"646","UTA","Nazr Mohammed","Kentucky",18,1005,15891,5827,4708,375,0.486,0,0.64,15.8,5.8,4.7,0.4,34.3,0.104,-2.6,-2.2,1998,0
"647","DET","Bonzi Wells","Ball State University",10,591,15133,7147,2737,1249,0.46,0.327,0.697,25.6,12.1,4.6,2.1,29.4,0.093,0.2,8.3,1998,0
"648","DEN","Raef LaFrentz","Kansas",10,563,14545,5690,3423,606,0.466,0.363,0.711,25.8,10.1,6.1,1.1,39.4,0.13,0.7,9.8,1998,0
"649","DEN","Tyronn Lue","Nebraska",11,554,12564,4710,943,1727,0.437,0.391,0.829,22.7,8.5,1.7,3.1,19.7,0.075,-1.8,0.6,1998,0
"650","MIL","Pat Garrity","Notre Dame",10,552,11062,4017,1457,443,0.417,0.398,0.806,20,7.3,2.6,0.8,18.7,0.081,-1.8,0.4,1998,0
"651","LAC","Brian Skinner","Baylor",14,608,10910,2876,2841,288,0.494,0.333,0.566,17.9,4.7,4.7,0.5,15.8,0.07,-2.5,-1.5,1998,0
"652","DAL","Greg Buckner","Clemson",10,570,10895,2878,1593,719,0.45,0.334,0.757,19.1,5,2.8,1.3,20.9,0.092,-0.9,2.9,1998,0
"653","ORL","Michael Doleac","Utah",10,587,8789,2882,1955,343,0.439,0.125,0.791,15,4.9,3.3,0.6,12.7,0.07,-3.7,-3.7,1998,0
"654","ORL","Keon Clark","UNLV",6,353,7971,2882,2096,322,0.5,0.053,0.645,22.6,8.2,5.9,0.9,18.2,0.11,-0.7,2.6,1998,0
"655","HOU","Michael Dickerson","Arizona",5,212,7490,3257,609,553,0.432,0.402,0.784,35.3,15.4,2.9,2.6,9.6,0.061,-1.3,1.3,1998,0
"656","DEN","Ryan Bowen","Iowa",10,507,6502,1319,1060,250,0.456,0.206,0.693,12.8,2.6,2.1,0.5,12.4,0.092,-0.8,2,1998,0
"657","DAL","Robert Traylor","Michigan",7,438,6243,2085,1640,312,0.474,0.167,0.577,14.3,4.8,3.7,0.7,13.3,0.102,-1.6,0.7,1998,0
"658","WAS","Jahidi White","Georgetown",7,334,5913,1954,1944,63,0.51,0,0.534,17.7,5.9,5.8,0.2,10.4,0.085,-3.2,-1.8,1998,0
"659","CHI","Shammond Williams","UNC",7,325,5351,1892,518,765,0.401,0.366,0.798,16.5,5.8,1.6,2.4,8.8,0.079,-0.7,1.7,1998,0
"660","SAC","Jerome James","Florida A&M",9,358,4771,1540,1099,118,0.485,0,0.617,13.3,4.3,3.1,0.3,2.9,0.029,-4.9,-3.5,1998,0
"661","SAS","Tim Duncan","Wake Forest",19,1392,47368,26496,15091,4225,0.506,0.179,0.696,34,19,10.8,3,206.4,0.209,5.6,91.1,1997,15
"662","BOS","Chauncey Billups","Colorado",17,1043,33008,15802,2992,5636,0.415,0.387,0.894,31.6,15.2,2.9,5.4,120.8,0.176,3.2,43.5,1997,5
"663","TOR","Tracy McGrady","",15,938,30658,18381,5276,4161,0.435,0.338,0.746,32.7,19.6,5.6,4.4,97.3,0.152,5.2,55.7,1997,7
"664","PHO","Stephen Jackson","Butler County Community College",14,858,27398,12976,3328,2634,0.414,0.333,0.798,31.9,15.1,3.9,3.1,36.1,0.063,-0.4,11.2,1997,0
"665","NJN","Tim Thomas","Villanova",13,824,21336,9454,3379,1272,0.437,0.369,0.758,25.9,11.5,4.1,1.5,35.2,0.079,-0.8,6.4,1997,0
"666","VAN","Antonio Daniels","Bowling Green",13,872,19671,6623,1613,2934,0.444,0.311,0.793,22.6,7.6,1.8,3.4,47,0.115,0,10.1,1997,0
"667","CLE","Brevin Knight","Stanford",12,729,18176,5342,1785,4481,0.412,0.134,0.789,24.9,7.3,2.4,6.1,32.6,0.086,0.3,10.5,1997,0
"668","PHI","Keith Van Horn","Utah",9,575,18150,9206,3909,900,0.443,0.361,0.835,31.6,16,6.8,1.6,41.7,0.11,0.1,9.6,1997,0
"669","CLE","Derek Anderson","Kentucky",11,615,17975,7357,1988,2083,0.408,0.341,0.853,29.2,12,3.2,3.4,43.9,0.117,1,13.5,1997,0
"670","DEN","Tony Battie","Texas Tech",14,837,17649,5082,4287,522,0.488,0.162,0.69,21.1,6.1,5.1,0.6,36.4,0.099,-1.8,0.8,1997,0
"671","SEA","Bobby Jackson","Minnesota",12,755,16790,7344,2347,1945,0.417,0.354,0.793,22.2,9.7,3.1,2.6,31.4,0.09,0.4,10,1997,0
"672","SAC","Anthony Johnson","College of Charleston",13,793,15552,4432,1358,2274,0.414,0.356,0.745,19.6,5.6,1.7,2.9,23.2,0.072,-1.5,1.9,1997,0
"673","SEA","Mark Blount","Pitt",9,605,13981,4941,2784,513,0.504,0.359,0.723,23.1,8.2,4.6,0.8,18.8,0.065,-2.7,-2.5,1997,0
"674","NJN","Anthony Parker","Bradley",9,494,13752,4478,1574,1129,0.444,0.404,0.794,27.8,9.1,3.2,2.3,24.5,0.085,-0.2,6.1,1997,0
"675","BOS","Ron Mercer","Kentucky",8,432,13418,5892,1342,921,0.429,0.25,0.808,31.1,13.6,3.1,2.1,9.4,0.034,-2.7,-2.5,1997,0
"676","LAC","Maurice Taylor","Michigan",9,534,13324,5889,2452,623,0.466,0.152,0.711,25,11,4.6,1.2,9.9,0.036,-3.6,-5.3,1997,0
"677","GSW","Adonal Foyle","Colgate",12,733,13060,2989,3461,344,0.477,0,0.499,17.8,4.1,4.7,0.5,18.7,0.069,-1.7,1.1,1997,0
"678","UTA","Jacque Vaughn","Kansas",12,776,12658,3463,1028,1919,0.429,0.352,0.779,16.3,4.5,1.3,2.5,15.4,0.058,-3.4,-4.5,1997,0
"679","POR","Alvin Williams","Villanova",9,460,12610,4161,1140,1877,0.421,0.313,0.76,27.4,9,2.5,4.1,21.7,0.082,-0.4,4.9,1997,0
"680","IND","Austin Croshere","Providence",12,659,11480,4475,2649,627,0.407,0.34,0.861,17.4,6.8,4,1,27.6,0.115,-0.1,5.6,1997,0
"681","DAL","Kelvin Cato","Iowa State",10,541,10617,2960,2874,244,0.507,0.077,0.644,19.6,5.5,5.3,0.5,28.6,0.129,-0.3,4.5,1997,0
"682","MIL","Danny Fortson","Cincinnati",10,440,8832,3615,3184,301,0.472,0.167,0.785,20.1,8.2,7.2,0.7,22.3,0.121,-3.2,-2.6,1997,0
"683","DET","Scot Pollard","Kansas",11,506,8372,2222,2351,220,0.494,0,0.709,16.5,4.4,4.6,0.4,26.6,0.153,-0.6,2.9,1997,0
"684","GSW","Marc Jackson","Temple",7,387,7572,3238,1655,311,0.446,0.226,0.814,19.6,8.4,4.3,0.8,13,0.082,-2.7,-1.4,1997,0
"685","CLE","Cedric Henderson","Memphis",5,260,6182,1885,755,419,0.436,0.14,0.715,23.8,7.3,2.9,1.6,3.3,0.026,-2.8,-1.3,1997,0
"686","WAS","Predrag Drobnjak","",4,278,5542,2187,973,225,0.425,0.34,0.799,19.9,7.9,3.5,0.8,5.6,0.048,-3,-1.3,1997,0
"687","SAC","Tariq Abdul-Wahad","San Jose State",6,236,4807,1830,776,266,0.417,0.237,0.703,20.4,7.8,3.3,1.1,3.5,0.035,-3,-1.2,1997,0
"688","ATL","Chris Crawford","Marquette",7,252,3985,1654,547,154,0.437,0.347,0.824,15.8,6.6,2.2,0.6,6.5,0.078,-2.6,-0.6,1997,0
"689","ORL","Eric Washington","Alabama",2,104,2300,716,216,108,0.402,0.346,0.757,22.1,6.9,2.1,1,0.1,0.002,-3.5,-0.9,1997,0
"690","NYK","John Thomas","Minnesota",5,208,2253,560,432,60,0.502,0,0.591,10.8,2.7,2.1,0.3,3.2,0.067,-4.4,-1.4,1997,0
"691","CHH","Kobe Bryant","",20,1346,48637,33643,7047,6306,0.447,0.329,0.837,36.1,25,5.2,4.7,172.7,0.17,4.6,80.1,1996,18
"692","MIN","Ray Allen","UConn",18,1300,46344,24505,5272,4361,0.452,0.4,0.894,35.6,18.9,4.1,3.4,145.1,0.15,2.9,57.6,1996,10
"693","PHO","Steve Nash","Santa Clara",18,1217,38069,17387,3642,10335,0.49,0.428,0.904,31.3,14.3,3,8.5,129.7,0.164,3,48.2,1996,8
"694","PHI","Allen Iverson","Georgetown",14,914,37584,24368,3394,5624,0.425,0.313,0.78,41.1,26.7,3.7,6.2,99,0.126,3.2,49.7,1996,11
"695","LAL","Derek Fisher","Little Rock",18,1287,32719,10713,2658,3804,0.399,0.374,0.817,25.4,8.3,2.1,3,62.3,0.091,-0.9,8.9,1996,0
"696","MIL","Stephon Marbury","Georgia Tech",13,846,31891,16297,2516,6471,0.433,0.325,0.784,37.7,19.3,3,7.6,77.5,0.117,1.8,30.7,1996,2
"697","BOS","Antoine Walker","Kentucky",12,893,31531,15647,6891,3170,0.414,0.325,0.633,35.3,17.5,7.7,3.5,38.1,0.058,0.3,18,1996,3
"698","VAN","Shareef Abdur-Rahim","California",12,830,28882,15028,6239,2109,0.472,0.297,0.81,34.8,18.1,7.5,2.5,71.2,0.118,1,21.9,1996,1
"699","TOR","Marcus Camby","UMass",17,973,28684,9262,9513,1837,0.466,0.205,0.67,29.5,9.5,9.8,1.9,81.6,0.137,2.3,31.3,1996,0
"700","POR","Jermaine O'Neal","",18,1011,27364,13309,7261,1369,0.467,0.147,0.715,27.1,13.2,7.2,1.4,66,0.116,0.3,15.6,1996,6
"701","SAC","Peja Stojakovic","",13,804,26966,13647,3782,1408,0.45,0.401,0.895,33.5,17,4.7,1.8,82.6,0.147,1.9,26.2,1996,3
"702","IND","Erick Dampier","Mississippi State",16,987,24003,7309,7005,817,0.498,0.125,0.626,24.3,7.4,7.1,0.8,52.7,0.105,-1.3,4.1,1996,0
"703","CLE","Zydrunas Ilgauskas","",13,843,22965,10976,6191,955,0.476,0.31,0.78,27.2,13,7.3,1.1,66.3,0.139,-0.2,10.3,1996,2
"704","LAC","Lorenzen Wright","Memphis",13,778,18535,6191,4943,622,0.459,0.069,0.645,23.8,8,6.4,0.8,30.5,0.079,-2.6,-3,1996,0
"705","NJN","Kerry Kittles","Villanova",8,507,16929,7165,1983,1295,0.439,0.378,0.78,33.4,14.1,3.9,2.6,44.8,0.127,2.2,18,1996,0
"706","UTA","Shandon Anderson","Georgia",10,719,15946,5327,2252,1007,0.457,0.316,0.739,22.2,7.4,3.1,1.4,23.6,0.071,-1.3,3,1996,0
"707","DEN","Jeff McInnis","UNC",11,576,15927,5396,1170,2514,0.431,0.328,0.796,27.7,9.4,2,4.4,23.1,0.07,-2.1,-0.3,1996,0
"708","HOU","Othella Harrington","Georgetown",12,709,13924,5212,3130,443,0.505,0,0.738,19.6,7.4,4.4,0.6,23.1,0.08,-3.4,-4.9,1996,0
"709","CHH","Malik Rose","Drexel",13,813,13404,5003,3371,684,0.437,0.177,0.743,16.5,6.2,4.1,0.8,26.5,0.095,-2.1,-0.4,1996,0
"710","DET","Jerome Williams","Georgetown",9,587,12755,3865,3743,474,0.502,0.038,0.645,21.7,6.6,6.4,0.8,37.9,0.143,0.3,7.4,1996,0
"711","CHH","Tony Delk","Kentucky",10,545,11702,4957,1351,1024,0.408,0.343,0.769,21.5,9.1,2.5,1.9,19.5,0.08,-0.4,4.8,1996,0
"712","CLE","Vitaly Potapenko","Wright State University",11,610,11608,3995,2725,418,0.479,0.167,0.694,19,6.5,4.5,0.7,15.5,0.064,-4,-5.9,1996,0
"713","NYK","Walter McCarty","Kentucky",10,593,10374,3056,1554,670,0.392,0.346,0.698,17.5,5.2,2.6,1.1,13.7,0.064,-1.7,0.8,1996,0
"714","MIL","Moochie Norris","University of West Florida",9,445,7640,2272,868,1233,0.401,0.286,0.74,17.2,5.1,2,2.8,10,0.063,-1.4,1.2,1996,0
"715","DAL","Samaki Walker","Louisville",10,445,7612,2376,2089,252,0.462,0.111,0.63,17.1,5.3,4.7,0.6,14.2,0.089,-2.6,-1.1,1996,0
"716","NYK","John Wallace","Syracuse",7,381,6143,2901,1061,281,0.462,0.3,0.74,16.1,7.6,2.8,0.7,6.4,0.05,-2.7,-1,1996,0
"717","CHI","Travis Knight","UConn",7,371,4566,1276,1160,224,0.438,0.259,0.696,12.3,3.4,3.1,0.6,7.9,0.083,-3,-1.1,1996,0
"718","PHI","Jamie Feick","Michigan State",5,201,4316,911,1437,139,0.424,0.4,0.629,21.5,4.5,7.1,0.7,8.2,0.091,-2.7,-0.7,1996,0
"719","HOU","Randy Livingston","LSU",11,203,2684,773,282,415,0.406,0.351,0.771,13.2,3.8,1.4,2,2.3,0.041,-2.5,-0.3,1996,0
"720","GSW","Todd Fuller","NC State",5,225,2500,835,674,46,0.422,0,0.668,11.1,3.7,3,0.2,2.2,0.041,-5.7,-2.3,1996,0
"721","MIN","Kevin Garnett","",21,1462,50418,26071,14662,5445,0.497,0.275,0.789,34.5,17.8,10,3.7,191.4,0.182,5.6,96.9,1995,15
"722","PHO","Michael Finley","Wisconsin",15,1103,37996,17306,4804,3245,0.444,0.375,0.811,34.4,15.7,4.4,2.9,85.2,0.108,1,28.8,1995,2
"723","WSB","Rasheed Wallace","UNC",16,1109,36243,16006,7404,1994,0.467,0.336,0.721,32.7,14.4,6.7,1.8,105.1,0.139,2.2,38.4,1995,4
"724","PHI","Jerry Stackhouse","UNC",18,970,30222,16409,3067,3240,0.409,0.309,0.822,31.2,16.9,3.2,3.3,52.4,0.083,0.3,17.4,1995,2
"725","TOR","Damon Stoudamire","Arizona",13,878,29106,11763,3039,5371,0.406,0.357,0.833,33.2,13.4,3.5,6.1,55.4,0.091,0.3,16.8,1995,0
"726","LAC","Antonio McDyess","Alabama",15,1015,28053,12227,7638,1300,0.497,0.117,0.67,27.6,12,7.5,1.3,69.8,0.119,-0.1,13.2,1995,1
"727","MIA","Kurt Thomas","TCU",18,1110,27160,8973,7328,1204,0.486,0.281,0.76,24.5,8.1,6.6,1.1,64.2,0.114,-0.7,8.6,1995,0
"728","GSW","Joe Smith","Maryland",16,1030,27022,11208,6575,1010,0.455,0.238,0.79,26.2,10.9,6.4,1,60.3,0.107,-1.5,3,1995,0
"729","DEN","Brent Barry","Oregon State",14,912,23643,8488,2780,2892,0.46,0.405,0.823,25.9,9.3,3,3.2,70.5,0.143,2.6,27.7,1995,0
"730","MIL","Eric Snow","Michigan State",13,846,23132,5791,2141,4245,0.424,0.208,0.763,27.3,6.8,2.5,5,43.4,0.09,-1,5.9,1995,0
"731","DET","Theo Ratliff","Wyoming",16,810,20500,5809,4596,465,0.496,0,0.71,25.3,7.2,5.7,0.6,47.9,0.112,0,10.3,1995,1
"732","SAC","Corliss Williamson","Arkansas",12,822,18749,9147,3183,972,0.49,0.136,0.714,22.8,11.1,3.9,1.2,34.7,0.089,-2,-0.1,1995,0
"733","BOS","Eric Williams","Providence",12,658,15731,5642,2139,936,0.415,0.318,0.736,23.9,8.6,3.3,1.4,23.2,0.071,-2.4,-1.5,1995,0
"734","CLE","Bob Sura","Florida State",10,657,15597,5654,2240,2474,0.414,0.325,0.689,23.7,8.6,3.4,3.8,28.3,0.087,0.4,9.4,1995,0
"735","IND","Travis Best","Georgia Tech",10,708,15150,5376,1249,2444,0.431,0.345,0.835,21.4,7.6,1.8,3.5,30.9,0.098,-0.4,6,1995,0
"736","UTA","Greg Ostertag","Kansas",11,756,14753,3512,4145,443,0.486,0.1,0.569,19.5,4.6,5.5,0.6,33.8,0.11,-0.6,5.1,1995,0
"737","ATL","Alan Henderson","Indiana",12,652,13780,5094,3249,397,0.469,0.192,0.639,21.1,7.8,5,0.6,28,0.097,-1.8,0.6,1995,0
"738","VAN","Bryant Reeves","Oklahoma State",6,395,12071,4945,2745,623,0.475,0.074,0.703,30.6,12.5,6.9,1.6,13,0.052,-3.4,-4.3,1995,0
"739","IND","Fred Hoiberg","Iowa State",10,541,9978,2944,1438,846,0.431,0.396,0.854,18.4,5.4,2.7,1.6,27.6,0.133,1.2,8,1995,0
"740","MIL","Gary Trent","Ohio University",9,506,9866,4366,2276,504,0.501,0.08,0.643,19.5,8.6,4.5,1,23.2,0.113,-1,2.4,1995,0
"741","GSW","Andrew DeClercq","Florida",10,587,9847,2815,2488,339,0.507,0,0.621,16.8,4.8,4.2,0.6,19.3,0.094,-2.9,-2.4,1995,0
"742","CHI","Jason Caffey","Alabama",8,462,9045,3368,2022,420,0.481,0,0.637,19.6,7.3,4.4,0.9,13.5,0.072,-3.6,-3.6,1995,0
"743","DAL","Cherokee Parks","Duke",9,472,7459,2056,1703,265,0.47,0.211,0.63,15.8,4.4,3.6,0.6,11.8,0.076,-2.4,-0.7,1995,0
"744","DET","Don Reid","Georgetown",8,403,5374,1454,1169,143,0.53,0,0.658,13.3,3.6,2.9,0.4,13.7,0.123,-2.1,-0.2,1995,0
"745","SAS","Cory Alexander","Virginia",7,307,4847,1677,481,834,0.389,0.354,0.756,15.8,5.5,1.6,2.7,3,0.03,-1.7,0.4,1995,0
"746","SAC","Tyus Edney","UCLA",4,226,4743,1728,393,910,0.405,0.322,0.806,21,7.6,1.7,4,6.8,0.068,-1.5,0.7,1995,0
"747","PHO","Chris Carr","Southern Illinois",6,297,4505,1988,658,294,0.416,0.338,0.807,15.2,6.7,2.2,1,3.9,0.042,-3,-1.1,1995,0
"748","MIN","Mark Davis","Texas Tech",5,230,3681,1261,697,294,0.442,0.246,0.655,16,5.5,3,1.3,2.3,0.03,-2.4,-0.4,1995,0
"749","POR","Shawn Respert","Michigan State",4,172,2350,851,226,177,0.414,0.34,0.816,13.7,4.9,1.3,1,2.1,0.043,-2.3,-0.2,1995,0
"750","NJN","Ed O'Bannon","UCLA",2,128,2062,634,316,102,0.367,0.222,0.755,16.1,5,2.5,0.8,1.1,0.025,-3.5,-0.7,1995,0
